53-238,51.0964775,16.9754829
51-314,51.1441841,17.1181201
53-010,54.3405687,18.0614204
52-234,51.0638432,17.037777
51-670,51.1079101,17.085061
62-530,52.3125041,18.1349987
50-515,51.0801429,17.0601749
50-202,51.11735340000001,17.0225772
52-245,51.060997,17.0352611
52-336,51.0626449,16.9718065
50-453,51.1034545,17.0418338
54-312,51.1241149,16.9412212
53-229,51.0948009,16.9925861
50-305,51.12589639999999,17.0600919
51-215,51.1608886,17.1399908
54-104,51.1582679,16.9183702
50-451,51.1034431,17.0410194
54-152,51.1363601,16.9727497
54-510,51.1238117,16.9168205
51-163,51.13290780000001,17.0767135
52-013,51.0784454,17.0825452
53-326,51.0909214,17.003973
53-208,51.0894393,16.9836492
51-354,51.1435413,17.1369895
50-147,51.1118354,17.0366582
53-025,54.3405687,18.0614204
53-030,54.3405687,18.0614204
50-348,51.1154556,17.0640735
50-556,51.0824584,17.0275211
51-116,51.1452274,17.0278415
50-349,51.1154556,17.0640735
50-511,51.07913199999999,17.0596036
53-201,51.0877494,17.0070943
53-204,51.0895118,16.9927902
51-502,51.1139564,17.1228637
50-540,51.0744876,17.0408287
50-503,51.0875129,17.0482196
53-233,51.0935211,16.986658
53-206,51.083332,16.9916248
53-151,51.0869712,17.0001678
50-060,51.1097259,17.029128
53-416,51.1001491,17.0138511
53-404,51.09307279999999,17.0014114
54-608,51.1009597,16.9499864
51-319,51.1471824,17.1118078
50-524,51.09099759999999,17.0382957
50-437,51.1030254,17.028923
53-207,51.0856704,16.9827995
50-441,51.1030254,17.028923
50-433,51.0987262,17.049097
50-251,51.1219863,17.0311622
54-117,51.1508598,16.9255151
51-606,51.126543,17.0776252
53-212,51.0816612,16.9831027
50-438,51.1030254,17.028923
53-236,51.0870971,16.9742622
50-070,51.1070423,17.030878
50-538,51.0781173,17.0359106
54-129,51.123455,16.9615573
53-024,54.3405687,18.0614204
63-910,51.6705464,16.980572
54-059,51.1608428,16.9046373
53-033,54.3405687,18.0614204
51-180,51.1405048,17.0337009
50-518,51.0899429,17.0419225
52-436,51.0656433,16.9745998
54-061,51.1655864,16.8919849
50-539,51.0797901,17.0330104
50-045,51.1043281,17.023797
53-205,51.0830345,16.9948081
50-576,51.0752143,17.0391645
53-402,51.09088509999999,17.0021934
50-063,51.1097259,17.029128
50-434,51.0987262,17.049097
50-536,51.0757884,17.0447502
52-241,51.0616817,17.0412731
54-050,49.8693894,20.7792162
50-083,53.6859056,21.4997365
50-355,51.1137733,17.0593681
52-230,51.0665702,17.0349187
50-218,51.1200752,17.0309829
50-155,51.11054799999999,17.0397243
53-113,51.0989532,17.033041
58-309,50.8029708,16.3051328
51-505,51.112009,17.1216888
53-534,51.1009216,17.0235795
53-434,51.0955257,16.9814205
50-571,51.0730876,17.0380344
54-060,51.1617584,16.8912582
54-432,51.11269370000001,17.0036201
50-303,51.1189842,17.0382366
63-900,51.6089363,16.8343544
53-034,54.3405687,18.0614204
53-020,54.3405687,18.0614204
54-701,49.8693894,20.7792162
53-007,54.3405687,18.0614204
52-129,51.0488319,17.0535154
51-213,51.1599502,17.1261606
53-515,51.0999107,17.0080862
51-315,51.14731210000001,17.1306324
50-044,51.1030082,17.0243091
50-520,51.0962524,17.040368
52-024,51.0716972,17.0817356
54-317,51.1269874,16.9499263
52-222,51.05988310000001,17.0274963
54-136,51.1357402,16.9572563
52-316,51.0631389,16.9777278
51-126,51.1405048,17.0337009
52-418,51.08021919999999,16.9725275
50-505,51.0854072,17.0490283
54-143,51.1425476,16.960617
51-114,51.1580162,17.0100183
51-140,51.144062,17.0404777
52-411,51.07776639999999,16.9604244
54-436,51.1148452,16.960021
50-216,51.1200752,17.0309829
43-112,53.4123966,18.1480629
54-314,51.1244506,16.9485006
52-023,51.0744724,17.0832538
53-152,51.08471669999999,17.0020694
52-314,51.06444159999999,16.9797515
50-000,53.6859056,21.4997365
54-515,51.1215839,16.923479
54-614,51.0891132,16.9529991
51-200,51.1581497,17.1345472
53-029,54.3405687,18.0614204
63-700,51.7124557,17.4664402
51-110,51.1475982,16.9796581
54-109,51.1479339,16.938198
51-136,51.1388072,17.0603237
54-210,51.1244812,16.9835557
52-018,51.0770759,17.0875225
51-169,51.1521759,17.075284
50-228,51.1284828,17.0319118
51-165,51.1381492,17.0750179
54-134,51.140522,16.9569053
50-207,51.1174221,17.0326404
52-317,51.0629577,16.9859724
50-559,51.0769348,17.0503597
53-211,51.0889949,16.9863224
53-611,51.1110801,16.958229
50-314,51.1248207,17.0454196
53-312,51.0888862,17.0202417
54-611,51.1016807,16.9350452
53-203,51.0877494,17.0070943
51-609,51.1225299,17.0835342
53-526,51.1002807,17.0204639
51-501,51.1139564,17.1228637
52-433,51.0753593,16.967637
54-058,51.0998191,17.1125841
53-333,51.0786895,17.0066089
55-114,51.2315629,17.0241914
51-120,51.1380786,17.0350093
52-121,51.0545158,17.0850963
53-143,51.08044049999999,17.0045366
54-130,51.1290626,16.967947
54-063,51.1535377,16.9036216
54-011,51.14136689999999,16.850069
50-257,51.120388,17.041171
54-105,51.1657142,16.94067
52-022,51.0739421,17.0847778
50-506,51.0854072,17.0490283
50-570,51.0722961,17.0390539
53-621,51.1151487,17.0025234
50-343,51.11911389999999,17.059514
50-411,51.1089057,17.0440082
54-009,51.144329,16.8528337
54-062,51.1726493,16.9022035
52-010,51.0784454,17.0825452
53-512,51.1044502,17.0081176
53-307,51.085781,17.046173
52-016,51.08204260000001,17.0831747
51-141,51.14319219999999,17.0517797
56-400,51.2175178,17.4391984
53-015,54.3405687,18.0614204
51-642,51.10121530000001,17.1073617
54-320,51.1285858,16.9442157
53-019,54.3405687,18.0614204
50-572,51.0734596,17.0343837
50-223,51.1242561,17.0310955
54-615,51.0996665,16.9286546
53-026,54.3405687,18.0614204
53-516,51.0999107,17.0080862
54-151,51.1360435,16.9703512
53-311,51.0888862,17.0202417
55-011,51.0394639,17.1566415
50-555,51.0803928,17.0461292
51-170,51.1561355,17.0713453
53-245,51.0965003,16.9911079
54-215,51.1209716,16.9637937
50-338,51.11911389999999,17.059514
53-422,51.0829086,17.0026435
52-113,51.0658569,17.0804185
50-323,51.1227645,17.0460472
52-235,51.064949,17.0440359
50-322,51.12198249999999,17.0498247
53-344,51.1004791,17.031126
51-145,51.1388072,17.0603237
51-664,51.1024532,17.1091804
50-240,51.1213951,17.0336141
53-320,51.0888061,17.0103082
51-147,51.1377296,17.0685968
54-434,51.1153717,16.9579248
54-153,51.1359653,16.9767284
53-142,51.0846958,16.9979171
54-142,51.1398468,16.9649982
52-132,51.0479583,17.091979
53-226,51.0962104,16.993844
50-346,51.1154556,17.0640735
55-010,51.0361732,17.1071636
54-438,51.1238117,16.9168205
52-115,51.0639495,17.082838
54-220,51.1272239,16.9886627
50-231,51.1286163,17.0379791
51-604,51.1201095,17.0784101
50-210,51.1184844,17.0277318
50-252,51.1219863,17.0311622
51-107,51.138771,17.0253734
52-130,51.0639343,17.0652284
51-515,51.110279,17.1431093
50-324,51.12181469999999,17.0483684
51-137,51.1388072,17.0603237
53-327,51.08900449999999,17.0137615
51-677,51.10882369999999,17.1014232
55-003,51.0655857,17.2681713
52-026,51.0759468,17.0828266
51-674,54.3402275,18.0617716
50-452,51.1034431,17.0410194
51-638,51.09993739999999,17.1060123
53-150,51.0829086,17.0026435
51-601,51.117897,17.0750675
51-640,51.10060499999999,17.1006946
50-047,51.1043281,17.023797
53-514,51.0995483,17.0176973
54-139,51.13908379999999,16.9614677
51-162,51.1150169,17.0374174
51-153,51.1345825,17.0525331
53-446,51.0977249,17.0123519
53-430,51.09926979999999,17.0066413
51-113,51.1580162,17.0100183
51-612,51.1187248,17.0926904
54-207,51.1232166,16.9760112
50-447,51.1050376,17.0451354
52-225,51.07098,17.0188951
50-056,51.105936,17.0367832
53-145,51.0836868,17.0005893
51-206,51.157154,17.1263999
54-018,51.1473808,16.8667812
51-650,54.3402275,18.0617716
52-402,51.0955257,16.9814205
54-101,51.1607704,16.9246473
50-306,51.125225,17.056715
53-507,51.10227580000001,17.0168075
50-035,51.1038436,17.0261116
53-146,51.0841941,17.0063018
54-156,51.13068,16.953782
54-236,51.1299629,16.9824428
51-168,51.14316549999999,17.0716896
56-120,51.27391429999999,16.7176475
53-632,51.1196136,17.0125169
51-503,51.1151771,17.127386
50-521,51.0874633,17.0378227
53-032,54.3405687,18.0614204
50-442,51.1030254,17.028923
50-307,51.1154556,17.0412034
52-207,51.0552749,17.0177497
50-420,51.1071891,17.04395
50-214,51.1205177,17.0296421
52-409,54.34031,18.0613802
50-229,51.12861820000001,17.0349407
50-315,51.1248207,17.0454196
50-020,51.1030082,17.0243091
50-310,51.12574,17.0490045
53-148,51.08475869999999,17.0080909
53-605,51.1088447,17.0199851
54-405,51.1035404,16.967329
54-054,51.1558036,16.8968973
50-543,51.0851173,17.0445833
53-011,54.3405687,18.0614204
53-508,51.1024971,17.0204896
51-166,51.13879009999999,17.0760936
53-503,51.0955257,16.9814205
54-072,51.1465606,16.8674163
50-421,51.1041412,17.0601854
51-627,51.1053848,17.0479888
51-504,51.1129379,17.1246747
54-042,51.1455383,16.876564
51-152,51.1341629,17.0560512
50-033,51.1030082,17.0243091
51-312,51.13879009999999,17.0760936
53-535,51.0979919,17.0178613
50-552,51.0824584,17.0275211
54-108,51.1532707,16.9385433
50-367,51.110794,17.0699424
53-662,51.1135463,17.0171661
54-513,51.1230163,16.9186315
53-501,51.0955257,16.9814205
51-610,51.1193428,17.0831165
50-311,51.1223602,17.0549278
50-250,51.1184711,17.0327548
53-527,51.1002807,17.0204639
53-626,51.1162528,17.0036067
50-113,51.1117286,17.0310935
50-253,51.1219863,17.0311622
05-515,52.0267944,20.9513034
54-113,51.1501464,16.9327325
52-244,51.0586776,17.0354948
50-502,51.0855522,17.0479965
53-228,51.0948009,16.9925861
55-080,51.03981899999999,16.7943949
53-631,51.1174888,17.0075273
50-550,51.0867557,17.038721
51-149,51.14442820000001,17.0610666
53-031,54.3405687,18.0614204
53-441,51.1008796,16.9972686
53-533,51.1009216,17.0235795
53-023,54.3405687,18.0614204
51-662,51.1043434,17.1080398
50-209,51.119667,17.025259
50-308,51.12465659999999,17.0553836
52-131,51.0594978,17.0557947
51-637,51.0963497,17.1005287
54-402,51.1096534,16.9682245
51-124,51.1405048,17.0337009
50-023,51.100568,17.0283175
54-035,51.1334533,16.8926658
54-107,51.1578025,16.9277181
54-056,51.15502919999999,16.8874187
53-520,51.0995006,17.0144195
53-442,51.1012725,17.0016326
54-206,51.1191902,16.9973354
53-230,51.0948009,16.9925861
50-457,51.1012268,17.0420684
51-506,51.1098709,17.1364784
52-213,51.0515079,17.0179309
54-440,51.1181411,16.9560947
50-254,51.1229629,17.034748
52-428,51.0720214,16.9763669
54-114,51.1446151,16.9219408
50-566,51.0849723,17.0419616
52-231,51.10999289999999,17.0221424
50-301,51.1189842,17.0382366
53-018,54.3405687,18.0614204
54-530,51.1164321,16.8609056
53-443,51.09926979999999,17.0066413
51-676,51.0998191,17.1125841
50-448,51.1040496,17.0443201
53-602,51.1059036,17.0154914
52-319,51.0656433,16.9745998
54-613,51.0966835,16.9529886
51-164,51.13039389999999,17.0683326
53-324,51.0877494,17.0070943
54-313,51.123043,16.9480829
50-134,51.11115640000001,17.0274829
23-538,53.6462122,17.2886944
50-208,51.1174221,17.0326404
53-523,51.1009216,17.0235795
50-512,51.0809974,17.0587539
63-500,51.4266842,17.9354455
51-160,51.1326103,17.063137
55-002,51.0768184,17.1762909
66-400,52.7567465,15.268242
54-116,51.15357969999999,16.9341659
50-249,51.118082,17.0342578
51-122,51.1076583,17.0375022
54-316,51.1273422,16.9489707
50-354,51.11911389999999,17.059514
50-246,51.1278877,17.0374126
50-369,51.1083602,17.068983
63-400,51.64271919999999,17.8147907
50-088,51.0981597,17.0311622
50-234,51.1240463,17.041212
50-534,51.0899467,17.0351495
51-217,51.1891437,17.1184611
52-419,51.0739955,16.9658794
58-250,50.702352,16.5411966
55-093,51.15291029999999,17.2602307
50-504,51.0872192,17.0535545
53-332,51.0786895,17.0066089
51-514,51.1081008,17.1500473
50-027,51.1008644,17.0289669
50-362,51.1146926,17.0627489
51-143,51.14078139999999,17.0546426
51-316,51.14702219999999,17.1167564
51-211,51.1644973,17.1093673
46-046,53.4129553,18.1458918
51-203,51.1574211,17.1295318
50-361,51.1190185,17.0636501
52-221,51.0593242,17.0299968
50-048,51.1030082,17.0243091
52-214,51.0542945,17.0305442
50-501,51.0855522,17.0479965
50-537,51.0742607,17.0419635
51-142,51.1408424,17.0431289
54-106,51.1525459,16.9513034
51-507,51.1150169,17.0374174
53-129,51.085411,17.0180225
55-220,51.0339927,17.4223995
51-348,51.1398124,17.1245145
51-629,51.1002197,17.0837135
53-235,51.0955257,16.9814205
51-531,51.1063365,17.16189
54-232,51.1224555,16.9948253
50-455,51.1021041,17.0411548
50-012,51.1030254,17.028923
51-128,51.1551551,17.0306529
51-663,51.1038742,17.1067371
54-704,49.8693894,20.7792162
53-424,51.0957145,17.0069808
54-620,51.09830849999999,16.9373197
50-381,51.1083602,17.068983
43-100,50.0973548,18.9900751
50-541,51.0869636,17.0510005
55-050,50.8807182,16.7311506
53-331,51.0930213,17.011424
52-209,51.06221,17.0243701
53-027,54.3405687,18.0614204
51-644,51.10121530000001,17.1073617
54-433,51.1035218,16.8313096
54-426,51.10879509999999,16.9804992
51-672,51.1099739,17.1024427
51-313,51.1421546,17.1137552
51-112,51.1413307,17.0371093
50-424,51.0822448,17.0787754
54-025,51.14031600000001,16.8758077
52-223,51.0574188,17.0247421
51-616,51.1122798,17.0734882
52-019,51.0647716,17.0904045
54-618,51.0960922,16.9424009
52-133,51.0513763,17.0933532
50-984,53.6859056,21.4997365
53-522,51.1004066,17.0184278
54-067,51.2186107,16.887722
50-357,51.1137733,17.0593681
53-647,51.11727519999999,17.0129203
54-020,51.1643733,16.8591651
54-132,51.1267147,16.9795055
50-414,51.1071891,17.04395
53-650,51.1162528,17.0036067
51-513,51.1165771,17.1489028
54-144,51.1300888,16.9768095
53-624,51.1172809,17.0056343
52-020,51.075695,17.1010856
53-209,51.1414489,17.0301475
51-630,51.0993423,17.0986404
51-511,51.0969886,17.1645736
50-528,51.09495159999999,17.0317144
53-651,51.1162528,17.0036067
50-227,51.1269721,17.0342588
51-171,51.1377296,17.0685968
50-077,53.6859056,21.4997365
54-237,51.1299629,16.9824428
51-686,51.11052129999999,17.0942955
54-150,51.14020530000001,16.9586248
54-044,51.1463165,16.8813495
53-608,51.1135864,16.9873771
50-416,51.1071891,17.04395
52-311,51.0702285,16.9807529
50-215,51.1200752,17.0309829
50-347,51.1154556,17.0640735
51-678,51.107603,17.1042995
51-680,51.107048,17.1081809
53-444,51.09926979999999,17.0066413
56-420,51.1370647,17.5047544
50-046,51.10483929999999,17.0256767
51-681,51.1101074,17.1105499
53-502,51.0955257,16.9814205
53-304,51.0938415,17.0302858
53-224,51.0917663,16.9944229
52-116,51.0447082,17.078267
53-009,54.3405687,18.0614204
53-110,51.0989532,17.033041
50-325,51.12063209999999,17.0484638
53-415,51.1001491,17.0138511
51-138,51.1385459,17.0391073
53-342,51.1004791,17.031126
53-125,54.3405687,18.0614204
54-610,51.11109159999999,16.8921699
52-212,51.05622100000001,17.0133104
50-431,51.0982666,17.053112
53-144,51.082468,17.0069351
50-525,51.09193029999999,17.0395355
54-425,51.1127891,16.9661273
52-112,51.06740569999999,17.0810585
50-248,51.118082,17.0342578
53-521,51.1004066,17.0184278
55-095,51.20978479999999,17.1692072
52-200,51.0235261,17.0124474
55-333,50.7787737,16.7778012
54-111,51.1500453,16.9401836
54-403,51.1062622,16.9650182
51-207,51.1571311,17.1248264
50-206,51.1158294,17.0321235
51-649,51.1062011,17.1074714
45-129,50.6956405,17.9190788
50-233,51.1251468,17.0391235
53-139,51.0786895,17.0066089
51-675,51.1099739,17.1024427
50-241,51.1211204,17.0376243
53-673,51.1191902,16.9973354
50-382,51.113346,17.0529336
50-219,51.1200752,17.0309829
55-072,50.7787737,16.7778012
53-130,54.3405687,18.0614204
50-456,51.1013221,17.0396442
52-216,51.054636,17.025156
51-536,54.3402275,18.0617716
50-243,51.11856460000001,17.0354404
52-416,51.0804328,16.9665231
54-412,51.1004943,16.9748878
52-203,51.0546875,17.0138025
54-401,51.1100254,16.962181
50-560,51.074234,17.0389194
63-421,51.5723621,17.837347
50-312,51.12123099999999,17.0461387
52-421,51.0775222,16.9754314
50-235,51.1240463,17.042138
50-181,53.6859056,21.4997365
66-330,52.4874765,15.7562659
54-007,51.1333083,16.84782
58-330,50.7252382,16.3461015
50-236,51.1225757,17.0421581
50-021,51.1004791,17.031126
54-512,51.1213493,16.9297809
50-430,51.0957641,17.0513105
51-144,51.140522,17.057228
54-242,51.1240501,16.9982805
54-404,51.1081504,16.965847
54-002,51.0998191,17.1125841
50-224,51.1218338,17.0269317
54-079,51.18686289999999,16.8782958
50-082,51.1048889,17.036539
51-216,51.1604499,17.1220254
50-264,51.11899940000001,17.039958
55-120,51.28488780000001,16.8831282
51-004,51.1475982,16.9796581
53-519,51.1001491,17.0138511
54-001,51.1458091,16.8674526
53-633,51.1241722,17.0028381
52-122,51.0757884,17.0753669
58-260,50.6521835,16.6184062
53-341,51.0934829,17.0180263
46-034,50.9205054,17.8579235
50-432,51.0997753,17.0526485
59-700,51.28619,15.5790066
51-111,51.1365814,17.0174274
50-222,51.1242561,17.0310955
54-211,51.1193027,16.9814929
53-231,51.0935211,16.986658
51-611,51.1235389,17.0901126
54-026,51.142971,16.8736324
54-705,49.8693894,20.7792162
51-345,54.3402275,18.0617716
50-419,51.1071891,17.04395
53-511,51.10462949999999,17.0111732
55-081,50.9618488,16.6680892
50-309,51.12574,17.0490045
53-111,51.0989532,17.033041
50-114,51.1117286,17.0310935
53-006,54.3405687,18.0614204
78-200,54.0070838,16.0321526
51-218,51.1644954,17.1306266
54-609,51.1040077,16.9401035
50-304,51.129116,17.0465126
51-118,51.13423909999999,17.037199
50-079,51.1111717,17.0226068
53-656,51.1155853,17.0182523
50-449,51.1071891,17.04395
53-321,51.0904979,17.0048751
53-601,51.1059036,17.0154914
53-116,51.0748748,17.0145177
50-330,51.1154556,17.0412034
50-374,51.10982509999999,17.0625753
53-345,51.1004791,17.031126
51-351,51.1415271,17.1237144
58-400,50.7754936,16.0295958
55-152,50.7787737,16.7778012
50-340,51.1248207,17.0454196
53-425,51.09644309999999,17.0020456
50-334,51.1167907,17.0646295
53-138,51.0786895,17.0066089
53-122,51.0819778,17.0197849
50-138,51.1123542,17.0342979
50-128,51.11166,17.0263586
59-220,51.20755,16.1152486
53-310,51.0904979,17.0048751
50-353,51.1138038,17.0557994
54-112,51.1515426,16.9348573
51-628,51.102581,17.084033
53-318,51.0877494,17.0070943
50-010,51.1053009,17.028408
53-421,51.0829086,17.0026435
50-435,51.1028594,17.0500993
54-074,51.2019729,16.8049154
53-509,51.1031188,17.0199937
50-526,51.09193029999999,17.0395355
50-009,51.1030254,17.028923
50-533,51.0899467,17.0351495
53-028,54.3405687,18.0614204
52-201,51.05672070000001,17.0091772
54-315,51.1244544,16.9536323
53-017,54.3405687,18.0614204
58-200,50.7539138,16.6773576
58-420,50.6890517,15.9629932
53-330,51.09340659999999,17.011054
54-115,51.1322631,16.9233045
50-326,51.1208515,17.0432014
53-004,54.3405687,18.0614204
53-426,51.0977458,17.0095005
50-150,51.1109924,17.0366973
54-330,51.121128,16.8737592
53-410,51.0937309,17.0082874
54-071,51.14214699999999,16.8712806
50-008,51.1030254,17.028923
50-029,51.113018,17.0191497
50-152,51.11029240000001,17.0390262
50-547,51.085781,17.046173
51-311,51.1192295,17.1877041
44-268,49.99694059999999,18.634036
51-310,51.13879009999999,17.0760936
50-450,51.1045951,17.0421676
53-149,51.0841941,17.0063018
52-408,51.0769729,16.9564208
50-025,53.6859056,21.4997365
51-658,51.0998191,17.1125841
53-648,51.11793979999999,17.016557
55-013,50.7787737,16.7778012
54-234,51.12237289999999,16.9916189
50-004,51.1025485,17.037115
54-100,49.8693894,20.7792162
05-092,52.3480116,20.8652486
54-239,51.1315116,16.9881772
53-429,51.0960502,17.0106897
53-653,51.11793979999999,17.016557
53-658,51.1238822,17.010601
53-652,51.1144065,17.0077543
58-214,50.8156372,16.7795022
48-340,50.35523680000001,17.365956
51-669,51.1079101,17.085061
52-211,51.0556068,17.0356769
41-604,54.3374096,18.0618656
52-401,51.0804328,16.9665231
51-685,51.1145801,17.0998935
51-350,51.1415271,17.1237144
51-691,51.1141338,17.0956726
51-123,51.144062,17.0404777
55-320,51.1811979,16.4883489
50-093,53.6859056,21.4997365
53-300,54.3405687,18.0614204
50-135,51.1134948,17.0311985
50-339,51.1248207,17.0454196
53-301,51.0989532,17.033041
53-407,51.0829086,17.0026435
50-158,51.11227599999999,17.0393486
51-352,51.1415271,17.1237144
50-413,51.1053657,17.0490016
50-238,51.1209697,17.0388832
50-139,51.1110553,17.0350494
52-425,51.0766029,16.9706773
51-607,51.1206779,17.0728464
51-631,51.097433,17.0940093
50-356,51.1137733,17.0593681
54-409,51.1076774,16.9607162
53-412,51.0937309,17.0082874
52-326,51.0625419,16.976469
50-327,51.11606399999999,17.0439052
52-210,51.05689230000001,17.0256366
54-043,51.1472377,16.8897094
53-440,51.0972728,17.0016403
53-213,51.0906677,16.9840822
47-200,50.373558,18.3170757
53-447,51.0977458,17.0095005
50-384,51.1103935,17.0561122
51-109,51.1390495,17.0312662
50-011,51.1030254,17.028923
53-643,51.117218,17.0021648
51-518,51.0969886,17.1645736
54-078,51.1659889,16.8866252
50-444,51.0995635,17.0450725
55-330,51.1750305,16.75191
50-439,51.1030254,17.028923
53-405,51.0937309,17.0082874
53-655,51.1138019,17.0160808
51-167,51.1459045,17.0810852
54-046,51.1509971,16.892292
50-316,51.11958310000001,17.0566301
54-420,49.8693894,20.7792162
53-617,51.1195907,17.0012454
50-072,51.1093559,17.023734
54-622,51.11735340000001,17.0225772
55-106,51.32027979999999,17.2233474
50-156,51.1118354,17.0434837
52-437,51.0998191,17.1125841
53-135,51.0846252,17.0135421
53-604,51.1056518,17.0197353
53-532,51.1009216,17.0235795
51-179,51.16324609999999,17.038331
54-029,51.1372718,16.8805618
52-204,51.05526920000001,17.0124721
51-003,51.1605873,16.9949817
54-514,51.11287489999999,16.929594
53-319,51.0877494,17.0070943
54-435,51.1151809,16.9544878
54-217,51.1224098,16.9854154
55-521,50.7787737,16.7778012
64-100,51.8409461,16.5500068
56-500,51.2970896,17.6566088
50-217,51.1200752,17.0309829
52-114,51.0625915,17.0757741
53-439,51.0955257,16.9814205
54-238,51.1299629,16.9824428
53-539,54.3405687,18.0614204
50-422,51.1168823,17.0588216
50-101,51.11027139999999,17.0319576
51-321,51.1494674,17.1047239
54-617,51.0919933,16.9447288
55-113,50.7787737,16.7778012
50-319,51.11958310000001,17.0566301
53-603,51.1059036,17.0154914
51-009,51.14208980000001,16.9922018
54-616,51.0969886,16.9440517
50-558,51.0824584,17.0275211
42-224,50.8494434,19.1502017
53-367,54.3405687,18.0614204
54-055,51.1506042,16.880887
53-308,51.085781,17.046173
50-553,51.0824584,17.0275211
53-340,51.0934829,17.0180263
53-134,51.0823364,17.0144701
50-344,51.116806,17.0681428
53-580,54.3405687,18.0614204
51-131,51.1380786,17.0350093
53-313,51.0904979,17.0048751
54-008,51.1442783,16.851769
51-522,51.0972824,17.1542129
51-661,51.10475539999999,17.0975284
50-950,53.6859056,21.4997365
53-118,51.07909009999999,17.0176658
20-502,51.2322387,22.5475149
52-423,51.0998191,17.1125841
54-047,51.1494941,16.8949747
54-102,51.1633834,16.9247817
59-920,50.9033889,14.9611203
50-120,51.1109924,17.0366973
50-119,51.1118354,17.0366582
53-339,51.0934829,17.0180263
54-621,51.0941619,16.9261236
53-314,51.0786895,17.0066089
51-692,51.110857,17.0999279
51-347,51.1417274,17.1233797
54-015,51.1521377,16.8479633
53-525,51.1002807,17.0204639
53-225,51.092205,16.9919357
50-336,51.1180114,17.0553321
50-049,51.1030082,17.0243091
51-220,51.1647033,17.1284542
97-400,51.3799285,19.3633432
53-234,51.0958938,16.97052
51-151,51.1412467,17.06254
51-689,51.11052129999999,17.0942955
53-615,51.11923590000001,17.0011672
53-437,51.0955257,16.9814205
50-205,51.1090297,17.0735569
53-315,51.0786895,17.0066089
53-334,51.096775,17.0253467
54-171,49.8693894,20.7792162
51-617,51.1075344,17.0838432
53-325,51.0877494,17.0070943
54-034,51.136444,16.8978939
55-062,50.7787737,16.7778012
54-511,51.1169357,16.9222297
50-258,51.1189842,17.0382366
50-203,51.1147842,17.0294685
53-625,51.1172809,17.0056343
51-660,51.10475539999999,17.0975284
59-300,51.4204521,16.1825037
53-675,54.3405687,18.0614204
51-418,51.1340866,17.0865974
52-429,51.0748367,16.9720058
52-226,51.0666999,17.0311508
53-035,54.3405687,18.0614204
50-523,51.0894622,17.0388679
50-368,51.1148319,17.0674304
53-642,51.1177024,17.0136709
53-112,51.0989532,17.033041
53-013,54.3405687,18.0614204
54-310,51.1238117,16.9168205
50-089,51.0981597,17.0311622
52-007,51.07435599999999,17.0914926
50-446,51.0995635,17.0450725
54-229,51.1223716,16.9970245
54-049,51.1469078,16.9087753
50-443,51.0995635,17.0450725
55-100,51.337823,17.1069271
52-215,51.0502624,17.0224103
53-227,51.0948009,16.9925861
82-200,54.03660199999999,19.0827903
50-350,51.1156082,17.0518703
52-128,51.0492172,17.0954895
50-331,51.1154556,17.0412034
67-400,51.8006666,16.3093138
50-321,51.12123099999999,17.0461387
54-027,51.14330289999999,16.8798885
49-300,50.8625297,17.4725885
50-351,51.1171493,17.0528039
50-064,51.1008644,17.0289669
54-110,51.1488323,16.9427299
53-411,51.0937309,17.0082874
54-057,51.1541709,16.880619
53-124,51.08260720000001,17.0222854
51-424,51.1324844,17.1084203
50-341,51.1186218,17.0610113
53-649,51.11793979999999,17.016557
50-146,51.1127376,17.0372524
53-438,51.0972728,17.0016403
51-523,51.0960388,17.1599788
53-614,51.1144599,17.0012302
58-500,50.88773339999999,15.7128639
50-370,51.1072196,17.0612258
50-075,51.1078262,17.0274801
50-084,51.09863660000001,17.0410032
52-339,51.0579166,16.9708023
53-622,51.117218,17.0021648
51-420,51.1367683,17.0869903
53-505,51.10145180000001,17.0198907
50-052,51.1064167,17.0334281
50-372,51.1079101,17.0663137
51-671,51.1100044,17.0911636
50-102,51.11027139999999,17.0319576
50-345,51.1122741,17.0673608
50-212,51.1192893,17.0291013
53-678,51.1118927,17.0152349
44-240,50.0247497,18.6927127
50-149,51.1106719,17.0373106
58-407,50.6620986,16.0777324
51-050,51.1661605,16.9666938
52-403,51.0875358,16.9620285
50-320,51.1207675,17.0466575
54-149,49.8693894,20.7792162
53-239,51.0930709,16.9744434
53-641,51.1140899,17.008892
49-305,50.8419001,17.4584684
50-226,51.1127815,17.0481681
57-200,50.5835533,16.8009271
50-302,51.1189842,17.0382366
59-100,51.5017364,16.0519576
53-322,51.0829086,17.0026435
50-557,51.0824584,17.0275211
51-657,51.1052551,17.0962972
53-121,51.0802421,17.0189323
50-548,51.0874633,17.0378227
52-208,51.05398169999999,17.0226497
50-266,51.11549369999999,17.0392875
51-602,51.1175708,17.0756721
54-203,51.1191902,16.9973354
52-435,51.074459,16.9643917
51-646,51.10121530000001,17.1073617
52-424,51.0766029,16.9706773
50-062,51.1097259,17.029128
50-519,51.0962524,17.040368
38-400,49.7167434,21.7928304
51-520,51.09791939999999,17.147026
50-262,51.1189842,17.0382366
51-682,51.1106262,17.1064434
55-506,50.7787737,16.7778012
80-281,54.3821144,18.5974416
50-242,51.1185607,17.0381717
50-527,51.0931625,17.0417442
57-220,50.6026456,17.0703956
53-221,54.3405687,18.0614204
52-332,51.0620994,16.9738798
53-406,51.0937309,17.0082874
50-143,51.1111297,17.0378923
50-153,51.1124038,17.0416011
50-363,51.1122093,17.0621652
51-148,51.1412467,17.06254
51-209,51.1604919,17.1231813
48-304,50.4703083,17.3392829
52-334,51.0615806,16.970025
51-251,51.1668853,17.1089029
54-430,51.11269370000001,17.0036201
50-002,51.1025485,17.037115
51-429,51.1297836,17.1024551
50-333,53.6859056,21.4997365
37-600,50.156415,23.1387468
53-336,51.0934982,17.0254993
63-507,51.3694865,17.8167724
47-224,50.3182086,18.1951045
50-018,51.1016769,17.0343894
53-401,51.09088509999999,17.0021934
51-421,51.13879009999999,17.0760936
67-200,51.6639671,16.0283374
50-436,51.1021842,17.0484991
51-208,51.1580467,17.1233205
53-108,54.3405687,18.0614204
52-242,51.0624732,17.0377092
50-022,51.1004791,17.031126
41-522,54.3374096,18.0618656
50-051,51.1052074,17.0326766
45-592,50.65561289999999,17.9571676
51-684,51.1145801,17.0998935
50-488,53.6859056,21.4997365
50-071,51.1077194,17.0265474
42-253,50.7492302,19.4168061
51-317,51.1608009,17.1555709
54-201,51.12237289999999,16.9916189
50-112,51.1131553,17.0315742
80-137,54.3509407,18.6108551
53-343,51.1004791,17.031126
52-434,51.0781974,16.9667196
51-204,51.1579246,17.1290817
54-030,51.1369991,16.8891925
50-237,51.1251468,17.0391235
50-376,51.1087074,17.0564622
53-014,54.3405687,18.0614204
50-037,51.1030254,17.028923
50-121,51.1110553,17.0350494
53-338,51.0934829,17.0180263
50-265,51.1180953,17.042283
53-147,51.0836868,17.0005893
46-203,50.9742202,18.2111759
50-332,51.1154556,17.0412034
52-232,51.06045719999999,17.0331993
52-233,51.0635528,17.0361881
50-378,51.1103935,17.0561122
50-239,51.1213951,17.0336141
53-123,51.0819778,17.0197849
53-114,51.0754356,17.0229244
51-008,51.1475982,16.9796581
51-639,51.1002082,17.1095972
61-055,52.4266357,16.9769325
54-406,51.1045951,16.9631242
53-627,51.1162528,17.0036067
55-334,50.7787737,16.7778012
55-300,51.1524742,16.6121871
51-254,54.3402275,18.0617716
52-151,54.34031,18.0613802
53-427,51.0960502,17.0106897
51-521,51.1039695,17.1585197
51-636,51.0980758,17.1084671
55-020,50.9576747,17.0578408
50-545,51.085781,17.046173
50-140,51.1127338,17.0366287
44-117,50.3104171,18.669197
53-445,51.0977249,17.0123519
50-038,51.1030254,17.028923
52-014,51.0784454,17.0825452
53-008,54.3405687,18.0614204
51-648,51.10121530000001,17.1073617
53-677,51.1114082,17.0174255
50-006,51.1025485,17.037115
50-561,51.0755214,17.0384407
51-189,54.3402275,18.0617716
54-607,51.1014575,16.9468803
50-028,51.1008644,17.0289669
54-311,51.1231193,16.9448957
53-528,51.1002807,17.0204639
54-612,49.8693894,20.7792162
52-118,51.0611915,17.081768
24-100,51.4375762,21.9455575
54-128,51.14207829999999,16.9352846
72-510,53.8244334,14.6270233
53-022,54.3405687,18.0614204
52-011,54.34031,18.0613802
54-138,51.1368789,16.9591255
54-703,49.8693894,20.7792162
51-006,51.1454753,16.9924507
50-118,51.1113891,17.0322818
51-659,51.1032772,17.1013927
50-106,51.11027139999999,17.0319576
53-413,51.09534069999999,17.0164413
50-244,51.1150169,17.0374174
50-220,51.1249084,17.0259656
55-041,50.7787737,16.7778012
53-646,51.11727519999999,17.0129203
54-518,51.1254844,16.914072
50-201,51.117876,17.0252494
51-412,51.13290780000001,17.0767135
52-034,54.34031,18.0613802
52-119,51.0596694,17.0831499
51-119,51.1380786,17.0350093
50-036,51.1039772,17.0278177
51-222,51.1610069,17.15629
51-173,51.15269079999999,17.0672092
52-438,51.0804328,16.9665231
55-040,50.9748909,16.9427321
53-409,51.0937309,17.0082874
51-252,51.1630096,17.1091947
52-229,54.34031,18.0613802
51-250,51.1691207,17.1038131
56-300,51.541736,17.332622
51-679,51.1099739,17.1024427
52-219,54.34031,18.0613802
50-245,51.1278877,17.0374126
54-431,49.8693894,20.7792162
53-232,51.0935211,16.986658
62-510,52.25720519999999,18.3266994
53-303,51.0966415,17.0305299
53-323,51.0829086,17.0026435
54-133,51.1267147,16.9795055
52-413,51.07984159999999,16.962284
53-021,54.3405687,18.0614204
52-160,54.34031,18.0613802
63-440,51.7182933,17.7384858
54-428,51.11269370000001,17.0036201
51-361,51.1293404,17.1533831
54-131,51.1406784,16.9500732
54-233,51.1224555,16.9948253
51-376,51.1497001,17.1114425
58-170,50.9112421,16.2404254
50-116,51.11027139999999,17.0319576
58-160,50.8802757,16.3104629
52-354,54.34031,18.0613802
50-573,51.0733222,17.0357284
85-055,53.1284866,18.0022192
56-100,51.3274515,16.5930696
50-232,51.12427899999999,17.0352163
50-168,53.6859056,21.4997365
52-404,51.0822792,16.9626235
51-210,51.1551589,17.1278142
50-529,51.0824584,17.0275211
30-612,50.0308448,19.9452848
53-316,54.3405687,18.0614204
54-066,51.1648445,16.9076805
54-429,51.11269370000001,17.0036201
52-407,51.0676727,16.9598016
51-417,51.1331481,17.0809307
63-313,51.9922595,17.8705418
53-133,51.0793533,17.0153427
50-318,51.11958310000001,17.0566301
54-135,51.1343803,16.9556074
50-352,51.1176548,17.0562973
50-371,51.10857,17.0657749
50-377,51.1103935,17.0561122
50-313,51.12181469999999,17.0483684
54-417,49.8693894,20.7792162
54-235,51.1559219,17.0337009
50-115,51.1131553,17.0315742
50-379,51.144062,17.0404777
53-435,51.0981521,16.9978466
50-317,51.11958310000001,17.0566301
51-051,51.1692733,16.9775037
42-200,50.8093208,19.1205957
50-337,51.1176548,17.0562973
50-225,51.1266517,17.0275688
51-219,51.16192239999999,17.1544876
52-123,51.052803,17.0870685
51-688,51.1122283,17.1000614
59-500,51.1308021,15.8574004
51-349,51.1341361,17.1236143
50-342,53.6859056,21.4997365
66-049,54.3368207,18.0613912
53-609,51.109436,16.9893827
50-073,51.10999289999999,17.0221424
54-103,51.1761779,16.8997488
52-120,51.06069369999999,17.0824813
98-200,51.609188,18.9492416
67-100,51.8429374,15.7422533
52-206,51.0569877,17.0192956
54-209,49.8693894,20.7792162
53-354,54.3405687,18.0614204
42-160,50.99039399999999,18.6928847
58-173,50.9469342,16.2151268
37-700,49.7847023,22.8141002
66-440,52.5967759,15.5140181
53-620,54.3405687,18.0614204
44-200,50.10202169999999,18.5462254
59-800,51.1324119,15.2631359
54-016,51.1458091,16.8674526
73-260,53.04011879999999,15.3155369
52-320,51.0661735,16.9718952
50-454,51.1021041,17.0411548
53-182,54.3405687,18.0614204
53-337,51.0977249,17.0123519
56-119,54.3374619,18.0623843
51-205,51.1565551,17.1282806
41-400,50.2419471,19.121169
51-318,51.1497306,17.112606
54-214,51.1201553,16.9829635
50-013,51.103096,17.0331439
51-230,51.1709098,17.1230707
53-506,51.1015777,17.0161247
50-261,51.1189842,17.0382366
51-419,51.1345214,17.0844125
50-129,51.11124419999999,17.0285968
56-321,51.42205629999999,17.3362411
37-500,50.0408821,22.6984195
50-151,51.1109924,17.0366973
54-010,51.1483242,16.8368377
50-458,51.0721588,17.1301603
50-417,51.1071891,17.04395
42-242,50.8677076,19.2061348
46-567,53.4129553,18.1458918
50-513,51.0771636,17.0696821
86-005,53.08333950000001,17.9068318
53-350,54.3405687,18.0614204
50-409,53.6859056,21.4997365
47-120,50.6024519,18.4668704
55-200,50.931118,17.3069705
53-126,51.0872383,17.0720882
52-405,54.34031,18.0613802
52-420,51.0798492,16.970787
51-117,51.1527481,17.0214176
50-148,51.1091785,17.0372695
41-153,54.3374096,18.0618656
52-331,51.06295009999999,16.9741783
62-800,51.7362213,18.1399984
55-021,50.7787737,16.7778012
57-409,50.4882682,16.5120668
55-310,50.7787737,16.7778012
49-313,50.9108025,17.5415211
43-516,49.9157824,18.9428959
50-039,51.1053009,17.028408
54-414,51.1409053,16.9269695
50-440,51.1030254,17.028923
57-150,50.761734,16.9355056
54-019,51.1481475,16.8614082
51-416,51.13178869999999,17.0792029
51-214,51.15745159999999,17.1277027
54-119,49.8693894,20.7792162
54-031,51.1342716,16.8959312
51-125,51.1498527,17.0398511
50-015,51.1009063,17.03547
54-642,49.8693894,20.7792162
59-400,51.05164329999999,16.1822843
53-317,51.0786895,17.0066089
57-411,50.4980834,16.4352899
51-328,54.3402275,18.0617716
50-154,53.6859056,21.4997365
52-012,51.0784454,17.0825452
52-153,54.34031,18.0613802
47-220,50.3545303,18.238285
43-430,49.8156816,18.8067375
50-145,53.6859056,21.4997365
50-418,51.1071891,17.04395
50-034,51.1032047,17.0280876
51-253,51.09621809999999,17.162796
50-043,51.1053009,17.028408
52-110,51.0591926,17.0893001
59-228,54.337217,18.063112
35-202,50.04673,22.0085086
53-671,51.1191902,16.9973354
53-531,51.1009216,17.0235795
51-665,51.1043434,17.1080398
55-061,50.7787737,16.7778012
42-110,51.0411204,18.9721567
54-014,51.1484069,16.8578624
50-108,51.1129951,17.030323
62-030,52.3396911,16.8737802
52-422,51.08006659999999,16.9738683
50-003,51.1025485,17.037115
50-429,51.0822448,17.0787754
46-200,50.9334678,18.206068
53-136,51.0836868,17.0005893
41-114,54.3374096,18.0618656
50-221,51.1242561,17.0310955
52-218,54.34031,18.0613802
51-413,51.13377380000001,17.0734825
58-306,50.8182907,16.2776498
50-531,51.0824584,17.0275211
50-007,51.1025485,17.037115
51-622,51.1075344,17.0838432
42-400,50.47866819999999,19.4312877
50-516,51.0844268,17.0482387
55-112,50.7787737,16.7778012
50-247,51.1200752,17.0345859
51-619,51.1145801,17.0998935
59-101,51.4897412,16.0605878
50-132,51.11124419999999,17.0285968
20-857,51.2751083,22.5459375
52-430,51.0726547,16.9686088
56-215,51.6920618,16.386969
53-431,51.09926979999999,17.0066413
51-322,54.3402275,18.0617716
51-651,51.099184,17.0994987
52-239,51.0677719,17.0390415
53-504,51.0955257,16.9814205
53-428,51.0960502,17.0106897
50-544,51.0855522,17.0479965
00-000,52.2315136,21.04383
53-657,51.1238822,17.010601
50-366,51.1103935,17.0561122
59-433,54.337217,18.063112
52-205,51.0557155,17.0161476
50-180,53.6859056,21.4997365
53-210,51.0893993,16.9875736
51-127,51.151432,17.0333318
53-555,54.3405687,18.0614204
53-216,54.3405687,18.0614204
50-111,51.11241529999999,17.0302267
50-017,51.1030082,17.0243091
51-052,51.1595726,16.9634923
54-439,49.8693894,20.7792162
50-507,51.0811557,17.0554065
50-031,51.100568,17.0283175
59-330,51.4005922,16.3850865
50-054,51.1110553,17.0350494
95-040,51.7487553,19.8654659
54-427,51.1097068,16.9686565
50-080,51.10981169999999,17.027378
59-216,51.2341158,16.2694233
53-048,54.3405687,18.0614204
53-680,51.1105995,17.0133256
51-005,51.14208980000001,16.9922018
52-432,51.0758895,16.9688043
53-128,51.085411,17.0180225
54-032,51.1369476,16.9013605
51-687,51.11052129999999,17.0942955
50-565,51.0850982,17.0315647
50-136,51.10999289999999,17.0221424
53-165,54.3405687,18.0614204
53-612,51.1168594,16.9935102
52-017,51.07890310000001,17.0862379
51-411,51.1357116,17.0798912
51-423,51.1324844,17.1084203
54-125,49.8693894,20.7792162
52-335,51.0597496,16.9732866
50-230,51.1271915,17.0358467
54-212,51.1229858,16.9876804
21-500,51.94683449999999,23.1688289
53-433,51.0972728,17.0016403
50-522,53.6859056,21.4997365
54-400,49.8693894,20.7792162
57-100,50.7837134,17.0744196
50-406,51.1089057,17.0440082
48-250,50.361728,17.8704138
58-140,50.9319812,16.4314998
52-258,51.0501403,17.031372
53-510,51.1029434,17.0177831
22-400,50.747673,23.3238687
51-010,51.1401748,16.9928932
55-018,50.7787737,16.7778012
58-130,50.9472696,16.5108446
30-382,50.0362167,19.9285154
05-200,52.34202190000001,21.2211828
51-355,54.3402275,18.0617716
45-266,52.41815339999999,18.1086288
48-300,50.5263366,17.3544158
50-260,51.1189842,17.0382366
20-860,51.2759666,22.5543861
50-213,51.1216011,17.0288076
67-321,51.4919625,15.6156976
53-012,54.3405687,18.0614204
26-110,51.1116468,20.8747574
59-225,51.2510541,15.9203361
50-144,51.1111297,17.0378923
53-117,51.0772399,17.016386
50-612,53.6859056,21.4997365
50-613,53.6859056,21.4997365
52-028,51.0844955,17.1410627
56-610,54.3374619,18.0623843
53-306,51.0989532,17.033041
52-127,51.04664229999999,17.0926427
54-017,51.1458091,16.8674526
55-216,50.90114819999999,17.1482559
60-502,52.41088480000001,16.899641
50-030,51.1008644,17.0289669
50-130,51.11124419999999,17.0285968
53-137,51.0855445,17.0200481
50-364,51.1103935,17.0561122
50-415,53.6859056,21.4997365
51-150,54.3402275,18.0617716
56-412,54.3374619,18.0623843
28-300,50.61273190000001,20.3113594
55-012,50.7787737,16.7778012
54-275,49.8693894,20.7792162
50-514,51.0814361,17.0678825
52-502,54.34031,18.0613802
53-530,51.1002807,17.0204639
50-567,53.6859056,21.4997365
54-424,51.1133995,16.9709768
53-513,51.1006584,17.0168657
54-024,49.8693894,20.7792162
57-410,50.5276937,16.4877441
53-156,54.3405687,18.0614204
50-423,53.6859056,21.4997365
68-200,51.6337966,15.0683875
51-146,51.1388072,17.0603237
64-129,50.777789,16.7776824
51-367,54.3402275,18.0617716
53-623,51.1172809,17.0056343
59-900,51.151592,15.0177899
54-028,51.14250939999999,16.8853597
58-560,50.8824847,15.6373914
54-064,51.159069,16.8992424
53-109,54.3405687,18.0614204
64-317,50.777789,16.7776824
51-621,51.10536949999999,17.0896816
54-004,51.1385917,16.8717079
50-445,51.0995635,17.0450725
59-940,51.30285139999999,15.1834397
50-032,51.1030082,17.0243091
53-400,54.3405687,18.0614204
55-339,50.7787737,16.7778012
50-549,51.085781,17.046173
50-104,51.1127376,17.0372524
52-093,54.34031,18.0613802
58-506,54.3373863,18.0631596
51-202,54.3402275,18.0617716
53-629,51.1177024,17.0136709
50-551,51.0824584,17.0275211
58-100,50.8677673,16.4426441
55-555,50.7787737,16.7778012
98-400,51.3138579,18.1679098
55-110,51.3638886,16.9323506
50-055,51.105081,17.0375891
03-938,52.2312316,21.0539293
51-011,51.14208980000001,16.9922018
37-410,50.50168499999999,22.3063007
52-333,51.058937,16.9772996
54-033,51.1354064,16.8865976
53-550,54.3405687,18.0614204
54-048,51.144741,16.8902244
15-394,53.1237297,23.1281604
51-647,51.10121530000001,17.1073617
45-522,50.645214,17.988491
50-026,51.1030254,17.028923
50-532,51.0824584,17.0275211
53-644,51.117218,17.0021648
53-517,51.1001491,17.0138511
50-123,51.1082,17.036314
52-015,51.08165349999999,17.0761318
57-400,50.5735704,16.5199754
72-100,53.5872039,14.8448534
62-817,51.829578,18.1397578
63-615,54.336734,18.0619521
57-451,50.6313353,16.4152442
53-518,51.1001491,17.0138511
51-426,51.1340446,17.1100711
22-100,51.1362027,23.4916452
42-607,54.3376283,18.0618783
63-520,51.4865772,18.1052978
52-136,54.34031,18.0613802
45-316,50.66855229999999,17.9607686
54-730,49.8693894,20.7792162
52-552,54.34031,18.0613802
50-137,51.1156044,17.0370321
51-007,51.1516799,17.0017671
53-329,51.0786895,17.0066089
53-639,54.3405687,18.0614204
51-001,51.1475982,16.9796581
52-250,54.34031,18.0613802
57-300,50.4358139,16.6665973
54-519,51.1212844,16.8665676
50-069,51.1088294,17.0303764
54-205,51.1191902,16.9973354
05-071,52.2412748,21.3252685
57-500,50.2991992,16.6433753
53-659,51.1146545,17.0190229
58-513,50.9420853,15.7976796
53-302,51.0989532,17.033041
59-420,50.9336273,16.0446355
58-370,50.7429084,16.1584157
42-244,50.8197577,19.3206716
53-417,51.0934829,17.0180263
57-362,50.381272,16.5991759
56-306,54.3374619,18.0623843
52-251,54.34031,18.0613802
52-512,54.34031,18.0613802
53-613,51.1155929,16.9982814
50-954,53.6859056,21.4997365
51-605,51.12429419999999,17.0742406
53-305,51.0989532,17.033041
52-340,51.0577354,16.9674968
77-400,53.3673176,17.0188585
50-090,53.6859056,21.4997365
53-120,51.0809364,17.0200891
53-050,54.3405687,18.0614204
98-410,51.2465421,18.3170298
52-329,54.34031,18.0613802
54-410,49.8693894,20.7792162
51-257,54.3402275,18.0617716
35-304,50.0328254,22.039978
88-230,52.5219202,18.4795147
01-033,52.2488059,20.9853181
51-667,54.3402275,18.0617716
56-320,51.4691351,17.382483
52-475,54.34031,18.0613802
51-613,51.1263961,17.0821924
56-330,51.6131415,17.3623309
54-120,49.8693894,20.7792162
50-001,51.10130110000001,17.0379543
52-027,51.0731887,17.0826053
59-600,51.1260261,15.617937
54-148,49.8693894,20.7792162
58-570,54.3373863,18.0631596
44-210,50.1015434,18.5242729
50-329,51.1136512,17.0470323
73-513,54.336841,18.0531838
53-423,51.0957145,17.0069808
45-221,50.6807155,17.9270305
53-140,51.0786895,17.0066089
60-684,52.4583244,16.9124402
54-200,49.8693894,20.7792162
52-315,51.0630607,16.9827575
53-237,51.1004943,16.9748878
48-351,54.3391323,18.0624311
62-500,52.2431221,18.3078641
50-403,51.107006,17.046544
54-422,49.8693894,20.7792162
56-513,51.3847473,17.649476
51-013,54.3402275,18.0617716
50-574,51.0729064,17.0371341
57-540,50.3537022,16.8845442
53-335,51.0936088,17.0240764
50-359,51.1190185,17.0636501
53-672,51.1191902,16.9973354
63-708,51.794369,17.5279879
52-101,54.34031,18.0613802
54-121,49.8693894,20.7792162
64-920,53.1697654,16.6355543
48-200,50.3289555,17.5361112
97-545,51.16453629999999,19.5199514
54-218,51.1224098,16.9854154
58-540,50.7644051,15.7443079
50-005,51.1048889,17.036539
57-210,50.6502498,17.0377826
02-987,52.1842117,21.0997714
53-676,51.1127624,17.0207939
55-140,51.49985960000001,16.8898123
49-120,50.67795109999999,17.7623475
51-437,54.3402275,18.0617716
53-200,54.3405687,18.0614204
44-330,49.9289226,18.5996799
50-328,51.1146774,17.0447435
52-227,51.066513,17.0233669
50-200,53.6859056,21.4997365
53-436,51.0981025,16.9957733
46-100,51.0739642,17.7031869
53-670,54.3405687,18.0614204
51-428,51.1299781,17.1067962
59-321,54.337217,18.063112
58-550,54.3373863,18.0631596
50-110,51.1129951,17.030323
89-606,53.7583764,17.5030149
46-300,50.8665021,18.4624467
22-600,50.447935,23.4261799
57-431,50.5820474,16.5804116
51-129,51.1380786,17.0350093
50-335,51.1154556,17.0640735
57-350,50.4458011,16.2686599
52-301,54.34031,18.0613802
53-418,51.0977249,17.0123519
50-400,53.6859056,21.4997365
54-540,49.8693894,20.7792162
51-683,51.1104545,17.1035919
54-542,49.8693894,20.7792162
54-344,49.8693894,20.7792162
53-628,51.1177024,17.0136709
54-045,51.1509094,16.8905315
51-243,54.3402275,18.0617716
57-160,50.8792458,17.0087408
58-300,50.7826995,16.2892246
43-317,53.4123966,18.1480629
55-234,50.7787737,16.7778012
51-422,51.13257979999999,17.097083
53-900,54.3405687,18.0614204
50-057,51.1059989,17.0351095
16-400,54.10683050000001,22.9173889
56-410,51.3026035,17.3397947
51-410,51.1357116,17.0798912
51-027,54.3402275,18.0617716
50-204,51.1166687,17.0284271
55-030,50.7787737,16.7778012
54-341,49.8693894,20.7792162
57-530,50.1601027,16.6889187
53-630,51.1174888,17.0075273
47-143,50.4252799,18.3388009
57-522,50.2089817,16.6804376
52-025,51.0675468,17.08607
50-609,53.6859056,21.4997365
58-521,50.9575733,15.7384571
55-513,50.7787737,16.7778012
65-548,51.93558119999999,15.6520195
55-015,51.0533388,17.1095495
54-521,49.8693894,20.7792162
55-515,50.7787737,16.7778012
57-320,50.4039735,16.5073008
56-435,54.3374619,18.0623843
98-335,51.1066695,18.643411
51-161,54.3402275,18.0617716
68-120,51.4883493,15.2018231
52-008,51.0700149,17.0915622
38-200,49.6946125,21.4862747
52-040,54.34031,18.0613802
50-263,51.11899940000001,17.039958
66-016,52.0062542,15.3679416
52-414,51.0822982,16.9666366
47-370,50.4555899,17.7826116
55-440,50.7787737,16.7778012
52-271,54.34031,18.0613802
54-182,49.8693894,20.7792162
50-425,51.0822448,17.0787754
59-441,54.337217,18.063112
50-042,51.1053009,17.028408
50-024,51.1008644,17.0289669
51-364,54.3402275,18.0617716
50-661,53.6859056,21.4997365
50-428,51.0822448,17.0787754
51-540,54.3402275,18.0617716
52-111,51.0698127,17.0719089
54-354,49.8693894,20.7792162
52-228,51.0626926,17.0187625
52-381,54.34031,18.0613802
53-536,54.3405687,18.0614204
50-094,53.6859056,21.4997365
46-320,51.0675079,18.4867621
43-400,49.7538142,18.6700314
62-073,52.1875863,16.322569
45-131,50.6280746,17.9499406
51-331,54.3402275,18.0617716
53-298,54.3405687,18.0614204
54-459,49.8693894,20.7792162
51-233,54.3402275,18.0617716
51-567,54.3402275,18.0617716
54-123,49.8693894,20.7792162
51-633,54.3402275,18.0617716
61-650,52.4388465,16.9246187
51-454,54.3402275,18.0617716
50-059,51.1088294,17.0303764
53-543,54.3405687,18.0614204
54-005,51.137947,16.8616609
50-535,51.09099759999999,17.0382957
50-564,53.6859056,21.4997365
65-525,51.9279327,15.4930047
52-117,51.0621681,17.0827569
51-427,51.1334533,17.09937
51-232,54.3402275,18.0617716
54-897,49.8693894,20.7792162
51-269,54.3402275,18.0617716
54-088,49.8693894,20.7792162
51-445,54.3402275,18.0617716
51-072,54.3402275,18.0617716
51-741,54.3402275,18.0617716
54-082,49.8693894,20.7792162
51-698,54.3402275,18.0617716
54-022,49.8693894,20.7792162
53-127,51.08137130000001,17.019453
54-023,49.8693894,20.7792162
54-077,49.8693894,20.7792162
51-599,54.3402275,18.0617716
50-412,51.1077957,17.051362
54-388,49.8693894,20.7792162
51-965,54.3402275,18.0617716
55-645,50.7787737,16.7778012
51-022,54.3402275,18.0617716
42-700,50.6547688,18.7029549
55-063,50.7787737,16.7778012
63-600,51.3297076,18.0004251
68-114,51.6443154,15.4255917
53-218,54.3405687,18.0614204
53-744,54.3405687,18.0614204
51-134,51.1608123,17.0325584
51-608,51.1166381,17.0825605
53-681,51.108097,16.951703
54-076,51.1467018,16.8715181
58-508,50.9511528,15.7696681
50-426,51.0822448,17.0787754
53-100,54.3405687,18.0614204
52-124,51.0541954,17.0888595
50-085,51.1030082,17.0243091
50-142,51.1111297,17.0378923
53-679,51.1120719,17.0114889
51-324,54.3402275,18.0617716
87-821,52.4818411,19.2910855
51-415,51.13178869999999,17.0792029
54-241,51.1257514,17.0072565
56-416,51.3724313,17.4486671
55-505,50.7787737,16.7778012
58-150,50.9681664,16.3287641
52-224,51.06269830000001,17.0300283
36-206,49.6745448,22.0537208
50-575,53.6859056,21.4997365
43-426,49.78711819999999,18.7242344
59-335,51.429758,16.1134512
53-538,54.3405687,18.0614204
75-427,54.1994476,16.1924905
65-246,51.93962089999999,15.5179133
30-505,50.038309,19.9402446
67-112,51.7800542,15.8767923
50-117,53.6859056,21.4997365
50-750,53.6859056,21.4997365
54-087,49.8693894,20.7792162
47-344,50.3748498,17.9891121
57-120,50.8054946,17.2137081
53-454,54.3405687,18.0614204
41-902,50.36236570000001,18.8568315
51-121,54.3402275,18.0617716
58-316,50.8266487,16.2934532
54-126,51.1455383,16.876564
54-127,51.1455383,16.876564
41-208,50.2646942,19.1840229
57-050,54.33740410000001,18.0627582
43-410,49.8545281,18.6057328
47-303,50.47525779999999,17.9640016
59-128,54.337217,18.063112
54-243,49.8693894,20.7792162
35-021,50.0241012,21.9917945
02-020,52.2436049,21.0382134
51-307,54.3402275,18.0617716
54-041,51.1455383,16.876564
56-417,54.3374619,18.0623843
52-327,51.0570067,16.94753
50-211,53.6859056,21.4997365
50-167,53.6859056,21.4997365
50-016,51.1030082,17.0243091
55-230,50.7787737,16.7778012
51-360,54.3402275,18.0617716
63-640,51.2922684,17.8948326
42-152,50.94686919999999,18.8248439
56-210,51.5497319,16.6977128
58-230,50.7174737,16.8378733
54-164,49.8693894,20.7792162
50-375,51.10982509999999,17.0625753
,51.919438,19.145136
66-006,51.85394789999999,15.4939095
58-240,50.6927144,16.7525932
58-310,50.8006263,16.2481332
50-141,51.1111297,17.0378923
52-351,54.34031,18.0613802
51-614,54.3402275,18.0617716
53-153,51.084608,17.0007324
59-019,54.337217,18.063112
53-241,51.0951175,16.9838466
80-018,54.3087139,18.6308689
55-088,50.7787737,16.7778012
59-975,51.0914973,15.0817358
97-200,51.5127563,20.0773839
53-163,54.3405687,18.0614204
62-571,52.13273119999999,18.2293232
53-645,51.11727519999999,17.0129203
51-188,51.1857897,17.0331239
50-604,53.6859056,21.4997365
51-236,54.3402275,18.0617716
54-213,51.1194572,16.9824037
50-405,53.6859056,21.4997365
50-568,51.0926399,17.0315876
53-606,54.3405687,18.0614204
51-525,54.3402275,18.0617716
55-065,50.8494649,16.8492036
52-002,54.34031,18.0613802
26-142,52.2140269,17.0744487
30-035,50.0731277,19.9265575
20-853,51.26933469999999,22.5494232
54-667,49.8693894,20.7792162
52-450,54.34031,18.0613802
51-198,54.3402275,18.0617716
64-200,52.082636,16.159112
54-446,49.8693894,20.7792162
52-480,54.34031,18.0613802
51-643,51.10121530000001,17.1073617
51-641,51.09859460000001,17.115282
55-000,50.7787737,16.7778012
51-618,51.1053848,17.0479888
53-036,54.3405687,18.0614204
53-403,51.09153360000001,17.0007495
53-070,54.3405687,18.0614204
34-300,49.6604423,19.2321844
53-003,54.3405687,18.0614204
42-134,50.8598323,18.8290392
51-549,54.3402275,18.0617716
54-155,51.1267147,16.9795055
59-550,50.9615193,15.921893
86-031,53.1872306,18.0963464
53-220,54.3405687,18.0614204
85-796,53.1707382,17.9690771
50-014,51.1030082,17.0243091
85-110,53.12332910000001,18.0013694
85-001,53.12568719999999,18.0381825
45-616,52.41815339999999,18.1086288
53-001,54.3405687,18.0614204
51-017,54.3402275,18.0617716
85-794,53.1707382,17.9690771
43-609,53.4123966,18.1480629
50-103,51.1092605,17.0352182
54-516,51.11109159999999,16.8921699
55-550,50.7787737,16.7778012
52-275,54.34031,18.0613802
78-446,53.6604819,16.5290209
26-600,51.4150656,21.1539739
98-430,51.1973983,18.2190211
54-262,49.8693894,20.7792162
47-320,50.491597,18.0269711
45-312,50.6703529,17.9537849
50-471,53.6859056,21.4997365
41-300,50.3304214,19.2148351
57-441,50.5093233,16.5864412
58-350,50.6688409,16.1814886
98-300,51.22031399999999,18.6659841
66-210,52.2467951,15.800102
50-508,51.0737838,17.0563907
43-245,49.9636769,18.7713574
55-340,51.0424529,16.4826214
55-603,50.7787737,16.7778012
85-009,53.1291542,17.9978981
46-050,50.5772249,18.0600774
53-540,49.8695405,20.7790779
53-353,54.3405687,18.0614204
51-132,51.14576719999999,17.0352954
51-378,51.1602897,17.0982017
54-367,49.8693894,20.7792162
42-608,54.3376283,18.0618783
98-220,51.535366,18.9779567
53-432,54.3405687,18.0614204
34-400,49.507286,20.0721921
53-638,54.3405687,18.0614204
54-154,51.1267147,16.9795055
50-267,51.1154556,17.0412034
55-001,50.7787737,16.7778012
55-451,50.7787737,16.7778012
50-402,51.1071891,17.04395
46-275,50.8565947,18.2750392
42-221,50.81681440000001,19.0971603
47-330,50.4466097,18.1077046
54-118,51.142456,16.9420452
62-700,52.0060882,18.5095052
54-003,49.8693894,20.7792162
53-660,51.1127624,17.0207939
51-478,54.3402275,18.0617716
53-664,54.3405687,18.0614204
54-065,49.8693894,20.7792162
58-533,50.8390163,15.842975
54-216,51.1187705,16.9940519
50-280,51.7312842,20.2018315
57-402,50.5374908,16.5695743
61-518,52.38987729999999,16.9135208
50-385,53.6859056,21.4997365
45-058,50.66669460000001,17.9249277
56-480,54.3374619,18.0623843
55-311,51.0651696,16.6216442
54-338,49.8693894,20.7792162
41-907,50.3386726,18.8722925
22-300,51.00062339999999,23.1297015
57-450,50.63742149999999,16.465217
58-516,54.3373863,18.0631596
37-300,50.2327228,22.454558
58-203,50.778683,16.7784153
52-126,51.0479965,17.0869483
44-295,50.12513999999999,18.3810394
46-250,51.01908539999999,18.0511876
55-314,50.7787737,16.7778012
65-831,51.9261817,15.5201687
05-160,52.4402961,20.6717224
55-231,50.7787737,16.7778012
54-447,49.8693894,20.7792162
97-320,51.4960747,19.8378899
53-654,51.11793979999999,17.016557
54-322,49.8693894,20.7792162
50-509,51.0766258,17.0471334
50-040,51.1053009,17.028408
54-204,51.1191902,16.9973354
61-884,52.4022026,16.9310302
54-327,49.8693894,20.7792162
51-442,54.3402275,18.0617716
98-405,51.3705588,18.2873863
53-132,54.3405687,18.0614204
74-510,52.9374958,14.6618746
42-290,50.78514089999999,18.8793525
53-570,54.3405687,18.0614204
52-143,54.34031,18.0613802
59-311,51.3699478,16.1270298
58-368,54.3373863,18.0631596
43-445,49.7073884,18.7184096
98-100,51.6248746,19.1218584
54-252,49.8693894,20.7792162
39-200,50.0349655,21.4109878
2977,50.0345462,18.7036942
54-006,51.1341514,16.8588123
63-645,51.2160934,18.102306
53-106,54.3405687,18.0614204
50-076,51.1084671,17.0292415
66-627,51.9204659,15.1155372
31-539,50.0552864,19.9546871
52-322,54.34031,18.0613802
52-349,54.34031,18.0613802
44-113,50.32444,18.6615867
63-820,51.86920259999999,17.1058518
56-508,54.3374619,18.0623843
00-999,52.2315136,21.04383
53-830,54.3405687,18.0614204
98-420,51.3098574,18.3275179
51-600,54.3402275,18.0617716
43-502,49.8773414,18.9202917
43-365,49.7624347,19.0904515
88-324,52.5285154,18.2316067
82-410,53.9739174,19.1655285
83-211,53.9389058,18.583126
51-615,54.3402275,18.0617716
53-168,54.3405687,18.0614204
52-516,54.34031,18.0613802
53-061,54.3405687,18.0614204
54-407,49.8693894,20.7792162
51-668,51.1079101,17.085061
51-235,54.3402275,18.0617716
50-078,51.10812749999999,17.0308923
54-411,51.1004943,16.9748878
55-601,50.7787737,16.7778012
53-616,51.1212692,17.0007057
93-322,51.1305072,15.8201638
51-519,54.3402275,18.0617716
51-130,51.1380786,17.0350093
51-059,54.3402275,18.0617716
52-057,54.34031,18.0613802
57-130,50.68829479999999,17.1397709
50-124,51.1082,17.036314
51-155,54.3402275,18.0617716
56-202,54.3374619,18.0623843
50-256,51.11804189999999,17.033533
53-551,54.3405687,18.0614204
52-338,54.34031,18.0613802
54-662,49.8693894,20.7792162
53-166,54.3405687,18.0614204
58-530,50.7798051,15.8470487
51-365,54.3402275,18.0617716
53-247,54.3405687,18.0614204
51-645,54.3402275,18.0617716
51-458,54.3402275,18.0617716
53-449,54.3405687,18.0614204
51-556,54.3402275,18.0617716
50-517,51.0844268,17.0482387
52-564,54.34031,18.0613802
51-484,54.3402275,18.0617716
51-069,54.3402275,18.0617716
58-347,54.3373863,18.0631596
50-590,53.6859056,21.4997365
51-182,54.3402275,18.0617716
56-200,51.6788698,16.5540054
63-410,51.6604057,17.8305193
70-893,53.3327369,14.6984691
51-259,54.3402275,18.0617716
47-480,50.1029786,18.0915378
54-319,49.8693894,20.7792162
54-413,51.1004943,16.9748878
59-730,51.2421377,15.3574718
54-444,49.8693894,20.7792162
50-510,51.080738,17.052803
71-334,53.4294433,14.5428428
54-124,49.8693894,20.7792162
55-071,50.7787737,16.7778012
39-300,50.31405590000001,21.4486744
54-650,49.8693894,20.7792162
51-326,54.3402275,18.0617716
69-200,52.4372084,15.1515653
53-119,51.08137130000001,17.019453
55-109,50.7787737,16.7778012
54-517,51.13093370000001,16.9364566
68-100,51.6200942,15.3392229
44-335,49.94026179999999,18.6432838
48-303,50.4415426,17.3585715
51-139,51.1340789,17.0387754
63-430,51.5998718,17.6608123
50-067,51.1008644,17.0289669
51-690,51.1101951,17.0960407
51-272,54.3402275,18.0617716
50-050,53.6859056,21.4997365
51-538,54.3402275,18.0617716
75-637,54.18405720000001,16.231287
50-554,51.0824584,17.0275211
57-343,50.41686499999999,16.3080648
59-223,51.151393,16.0953547
71-793,53.4084167,14.5332241
27-532,50.8191112,21.581632
27-500,50.785134,21.4188964
51-158,54.3402275,18.0617716
57-550,50.2869591,16.904979
51-434,54.3402275,18.0617716
50-107,53.6859056,21.4997365
57-104,54.33740410000001,18.0627582
52-220,54.34031,18.0613802
50-068,51.1008644,17.0289669
59-620,51.0439781,15.4380566
59-630,50.944894,15.4204587
50-463,53.6859056,21.4997365
54-343,49.8693894,20.7792162
28-230,50.433768,21.1565296
18-300,52.9729843,22.1556911
77-300,53.73857870000001,17.3156471
39-120,50.1129078,21.7002307
86-010,53.32744940000001,17.8753018
56-419,54.3374619,18.0623843
59-305,51.5364482,16.3406506
49-200,50.7012121,17.3360797
53-661,51.113018,17.0191497
51-305,54.3402275,18.0617716
97-300,51.422914,19.7253358
55-075,51.0395322,16.9692326
09-402,52.5791838,19.739075
51-115,54.3402275,18.0617716
45-865,50.6647796,17.8996963
58-105,50.8523979,16.445506
50-365,51.1103935,17.0561122
55-130,50.7787737,16.7778012
55-045,50.7787737,16.7778012
59-905,54.337217,18.063112
55-214,50.7787737,16.7778012
43-220,50.0436913,19.0921373
52-312,54.34031,18.0613802
32-551,50.05533029999999,19.4273467
98-311,51.6057756,18.9755453
53-560,54.3405687,18.0614204
50-041,53.6859056,21.4997365
66-620,51.95722019999999,14.7492104
53-180,54.3405687,18.0614204
42-233,50.9123077,19.1583682
98-320,51.2816694,18.7647317
53-357,54.3405687,18.0614204
62-862,51.6613103,18.3050217
62-831,51.9554661,18.2414285
26-900,51.61142340000001,21.4861974
99-620,52.0392836,21.1452225
26-340,51.4523805,20.4196323
50-981,53.6859056,21.4997365
83-013,53.99054839999999,18.3645129
66-200,52.25270520000001,15.5561544
22-440,50.5431693,23.2175211
59-820,51.003711,15.3004978
52-361,54.34031,18.0613802
55-412,50.7787737,16.7778012
89-632,53.8750218,17.6581823
51-456,54.3402275,18.0617716
61-528,52.3920288,16.9176158
73-115,53.1786104,15.1829269
25-634,50.8794631,20.593213
27-220,51.1501056,21.0487361
61-527,52.3920288,16.9176158
97-420,51.3296551,19.1269593
45-866,52.41815339999999,18.1086288
45-860,50.6645469,17.8852672
50-360,53.6859056,21.4997365
43-385,49.8376215,18.9439837
57-685,54.33740410000001,18.0627582
26-200,51.1601829,20.357604
32-700,50.0000953,20.450283
63-100,52.0915844,17.0033102
73-110,53.3745786,15.0326334
63-940,51.6930742,16.7543094
45-614,52.41815339999999,18.1086288
97-500,51.0632057,19.520235
53-610,51.1115837,17.0055274
63-460,51.7131614,17.9797152
66-600,52.0423774,15.0760807
59-170,51.5270729,15.7734518
55-118,50.7787737,16.7778012
50-940,53.6859056,21.4997365
98-955,52.0526077,18.7906645
50-427,51.0822448,17.0787754
47-100,50.5182953,18.2268944
53-708,54.3405687,18.0614204
99-302,52.0392836,21.1452225
44-750,53.4117295,18.1481437
74-320,52.9988264,15.2110351
51-430,51.130474,17.0843725
52-125,54.34031,18.0613802
50-259,53.6859056,21.4997365
37-450,50.59587089999999,22.0136222
53-256,54.3405687,18.0614204
52-530,54.34031,18.0613802
52-417,51.0793647,16.9674272
52-513,54.34031,18.0613802
57-452,54.33740410000001,18.0627582
54-040,49.8693894,20.7792162
51-224,54.3402275,18.0617716
50-019,51.1030082,17.0243091
51-414,51.1309204,17.0716648
58-124,50.88350579999999,16.5812554
54-418,49.8693894,20.7792162
55-350,50.7787737,16.7778012
56-504,51.2170938,17.684633
85-858,53.1081161,18.0274543
55-303,50.7787737,16.7778012
55-539,50.7787737,16.7778012
51-537,51.1058998,17.1476602
55-103,50.7787737,16.7778012
58-520,50.8824377,15.9143631
52-154,54.34031,18.0613802
21-560,51.9577255,22.7648553
51-435,54.3402275,18.0617716
51-154,54.3402275,18.0617716
50-159,51.1072845,17.039155
44-203,50.0675621,18.6008206
50-996,53.6859056,21.4997365
55-353,50.7787737,16.7778012
48-100,50.1984339,17.8260886
51-104,54.3402275,18.0617716
50-579,53.6859056,21.4997365
50-650,53.6859056,21.4997365
62-300,52.3214035,17.5932836
96-320,51.9523426,20.5135345
55-543,50.7787737,16.7778012
53-328,51.0913925,17.0096273
51-524,51.08397290000001,17.1666584
51-509,54.3402275,18.0617716
58-580,50.8304668,15.4781267
50-408,51.1077957,17.051362
55-024,50.7787737,16.7778012
50-407,51.107006,17.046544
53-040,54.3405687,18.0614204
56-206,54.3374619,18.0623843
57-520,50.24671619999999,16.6038336
50-061,51.1097259,17.029128
35-230,50.05992879999999,22.001461
53-064,54.3405687,18.0614204
50-269,53.6859056,21.4997365
53-789,54.3405687,18.0614204
53-243,54.3405687,18.0614204
55-620,50.7787737,16.7778012
78-600,53.2931137,16.4548797
53-104,54.3405687,18.0614204
82-440,53.9401451,19.3009266
20-210,51.2436561,22.6180267
58-750,54.3373863,18.0631596
53-083,54.3405687,18.0614204
55-023,50.7787737,16.7778012
55-221,50.7787737,16.7778012
50-188,53.6859056,21.4997365
51-342,54.3402275,18.0617716
50-546,53.6859056,21.4997365
48-330,54.3391323,18.0624311
51-300,54.3402275,18.0617716
55-765,50.7787737,16.7778012
45-414,50.67335509999999,17.9802513
55-070,50.7787737,16.7778012
51-221,54.3402275,18.0617716
54-421,49.8693894,20.7792162
50-095,53.6859056,21.4997365
52-524,54.34031,18.0613802
51-245,54.3402275,18.0617716
52-412,54.34031,18.0613802
98-290,51.743108,18.6743464
48-325,50.4286568,17.5455925
64-940,50.777789,16.7776824
98-313,51.3717294,18.8111436
43-438,49.7257805,18.9024021
58-120,50.9934054,16.4139903
54-619,49.8693894,20.7792162
54-550,49.8693894,20.7792162
63-642,51.2622456,17.8105952
51-550,54.3402275,18.0617716
52-156,54.34031,18.0613802
50-900,53.6859056,21.4997365
54-437,49.8693894,20.7792162
53-529,51.1002807,17.0204639
81-084,54.5360107,18.4445734
52-300,54.34031,18.0613802
51-700,54.3402275,18.0617716
51-100,54.3402275,18.0617716
43-246,49.9047121,18.7501605
54-419,49.8693894,20.7792162
54-052,49.8693894,20.7792162
50-109,51.1129951,17.030323
50-562,51.0850982,17.0315647
54-230,51.1235923,16.9994621
50-100,53.6859056,21.4997365
52-427,51.0729408,16.9746255
53-215,54.3405687,18.0614204
98-350,51.2713417,18.4313587
58-302,50.7660102,16.3149566
57-230,50.5069068,16.8554552
63-441,54.336734,18.0619521
41-103,50.3076324,19.0242309
51-425,54.3402275,18.0617716
75-666,49.5758012,20.755028
53-246,54.3405687,18.0614204
50-626,53.6859056,21.4997365
55-111,50.7787737,16.7778012
51-108,54.3402275,18.0617716
41-250,50.31956479999999,19.077197
40-852,50.2631835,19.0039291
40-100,54.3373958,18.0610977
08-100,52.1616442,22.2767223
65-119,51.9535827,15.5209355
54-145,51.1434593,16.9472036
59-818,51.1259587,15.1849486
53-214,51.08886709999999,16.981039
50-380,51.111763,17.054574
50-098,53.6859056,21.4997365
26-050,50.9965742,20.6425202
55-085,50.7787737,16.7778012
50-601,53.6859056,21.4997365
50-189,53.6859056,21.4997365
56-160,51.4547789,16.6076539
50-097,53.6859056,21.4997365
50-298,53.6859056,21.4997365
50-096,53.6859056,21.4997365
50-091,53.6859056,21.4997365
45-002,50.6725158,17.9174776
50-065,53.6859056,21.4997365
27-425,50.8866749,21.2296066
57-306,54.33740410000001,18.0627582
53-197,54.3405687,18.0614204
50-184,53.6859056,21.4997365
50-092,53.6859056,21.4997365
39-400,50.6048126,21.7583103
53-607,51.1135864,16.9873771
54-364,49.8693894,20.7792162
63-200,51.9711803,17.5125866
63-510,51.5370479,17.9926527
33-100,50.0166931,20.9946565
51-025,54.3402275,18.0617716
52-100,54.34031,18.0613802
54-160,49.8693894,20.7792162
59-850,50.915571,15.3226406
53-408,54.3405687,18.0614204
60-419,52.4212455,16.8734941
62-830,51.95135819999999,18.1643274
50-053,51.1110553,17.0350494
50-131,53.6859056,21.4997365
50-169,53.6859056,21.4997365
50-162,53.6859056,21.4997365
53-058,54.3405687,18.0614204
58-301,50.782608,16.2888107
43-651,53.4123966,18.1480629
44-348,49.9521852,18.4800457
50-591,53.6859056,21.4997365
31-664,54.33725769999999,18.0564177
54-260,49.8693894,20.7792162
48-140,50.0577032,17.8432055
47-326,52.4482033,18.8868348
53-640,54.3405687,18.0614204
44-300,50.0072402,18.4458999
42-256,50.7378885,19.2946909
64-010,51.9805832,16.8688071
54-021,49.8693894,20.7792162
45-047,50.6726379,17.9241485
50-474,53.6859056,21.4997365
38-320,54.3376599,18.0602452
38-405,54.3376599,18.0602452
51-594,54.3402275,18.0617716
50-160,53.6859056,21.4997365
65-001,51.9449272,15.5122661
59-150,51.5890812,16.1983526
53-420,54.3405687,18.0614204
52-350,54.34031,18.0613802
51-340,54.3402275,18.0617716
62-080,52.4586975,16.6628066
55-121,50.7787737,16.7778012
31-519,50.0766029,19.9651947
53-554,54.3405687,18.0614204
53-240,54.3405687,18.0614204
50-680,53.6859056,21.4997365
52-147,54.34031,18.0613802
53-164,54.3405687,18.0614204
53-500,54.3405687,18.0614204
51-183,54.3402275,18.0617716
50-127,51.11166,17.0263586
46-243,50.9300984,18.1360737
53-360,54.3405687,18.0614204
52-615,54.34031,18.0613802
55-321,50.7787737,16.7778012
40-655,50.2083053,18.9863424
54-318,49.8693894,20.7792162
51-234,54.3402275,18.0617716
52-342,54.34031,18.0613802
67-312,51.62592189999999,15.7006262
54-222,49.8693894,20.7792162
52-321,54.34031,18.0613802
53-261,54.3405687,18.0614204
54-324,49.8693894,20.7792162
37-310,50.3235719,22.3273146
51-620,51.1145801,17.0998935
51-212,51.1632003,17.1194009
54-443,49.8693894,20.7792162
52-538,54.34031,18.0613802
51-325,54.3402275,18.0617716
53-054,54.3405687,18.0614204
98-345,51.1548446,18.4816851
51-548,54.3402275,18.0617716
45-425,50.67048639999999,17.9772558
72-006,54.3369126,18.0535777
54-445,49.8693894,20.7792162
53-541,54.3405687,18.0614204
59-916,50.9219901,14.9507015
56-136,54.3374619,18.0623843
30-372,51.9114084,22.9368607
59-970,51.0261356,15.091486
52-415,51.0824489,16.9649276
42-100,50.90320020000001,18.956655
05-448,52.0267944,20.9513034
66-415,52.81125609999999,15.2179978
56-127,54.3374619,18.0623843
49-318,50.8466108,17.4270188
50-569,51.0739898,17.033638
66-008,51.8948456,15.4110348
59-331,54.337217,18.063112
58-210,50.7864132,16.8414727
58-405,50.7338713,16.0708309
32-007,50.0644594,20.3148182
42-202,50.8534393,19.129281
54-231,51.1235923,16.9994621
37-710,49.8122415,22.8042711
51-040,54.3402275,18.0617716
55-549,50.7787737,16.7778012
50-165,53.6859056,21.4997365
50-399,53.6859056,21.4997365
50-966,53.6859056,21.4997365
50-066,51.1008644,17.0289669
05-083,52.0267944,20.9513034
97-540,50.9515014,19.4973132
50-163,53.6859056,21.4997365
50-603,53.6859056,21.4997365
50-383,51.1111145,17.0517272
50-126,51.11166,17.0263586
87-800,52.655857,19.081192
44-280,50.06335499999999,18.4336557
52-642,54.34031,18.0613802
50-183,53.6859056,21.4997365
35-604,50.0100326,22.018423
43-330,49.9209369,19.1565788
82-300,54.1675987,19.4237079
56-644,54.3374619,18.0623843
11-200,54.253435,20.81037
50-542,51.0822792,17.0380163
03-937,52.2312316,21.0539293
51-555,54.3402275,18.0617716
51-227,54.3402275,18.0617716
51-033,54.3402275,18.0617716
54-687,49.8693894,20.7792162
42-316,54.3376283,18.0618783
54-660,49.8693894,20.7792162
50-466,53.6859056,21.4997365
50-874,53.6859056,21.4997365
50-530,51.0824584,17.0275211
28-200,50.6048469,21.1512632
63-435,51.4815951,17.5836703
63-322,51.83513869999999,17.8973748
75-669,54.187622,16.2297821
80-180,54.3014789,18.5622106
55-128,50.7787737,16.7778012
97-524,51.01833689999999,19.6116419
50-401,51.1045951,17.0421676
51-405,54.3402275,18.0617716
53-053,54.3405687,18.0614204
53-131,54.3405687,18.0614204
61-604,50.77826779999999,16.7775507
55-538,50.7787737,16.7778012
59-140,51.41685100000001,15.884705
61-648,52.4388465,16.9246187
46-280,50.9248744,18.2689438
50-122,51.1110553,17.0350494
59-405,54.337217,18.063112
32-650,49.87793240000001,19.2213846
53-044,54.3405687,18.0614204
68-132,51.51047680000001,14.9512908
30-383,50.0153617,19.8987846
62-610,52.3436083,18.4907381
38-130,49.8243213,21.6086291
42-450,50.41966619999999,19.4054307
52-009,54.34031,18.0613802
34-138,50.18522129999999,19.888197
54-080,49.8693894,20.7792162
44-352,49.9846987,18.4044199
56-616,54.3374619,18.0623843
57-648,54.33740410000001,18.0627582
54-800,49.8693894,20.7792162
53-668,54.3405687,18.0614204
50-105,51.1127376,17.0372524
46-040,50.6988802,18.2368057
51-368,54.3402275,18.0617716
34-721,49.5501841,19.8510497
34-450,49.4382508,20.3819701
54-053,49.8693894,20.7792162
54-068,49.8693894,20.7792162
51-696,54.3402275,18.0617716
51-019,54.3402275,18.0617716
50-485,53.6859056,21.4997365
43-031,53.4123966,18.1480629
54-456,49.8693894,20.7792162
51-105,54.3402275,18.0617716
50-410,53.6859056,21.4997365
52-431,51.0757274,16.9733581
53-158,54.3405687,18.0614204
51-255,54.3402275,18.0617716
52-279,54.34031,18.0613802
30-830,50.0213203,19.9996509
48-210,50.3886209,17.6997453
42-292,54.3376283,18.0618783
97-310,51.5159014,19.6933996
58-321,50.7366766,16.4148151
87-704,52.7033394,18.7927911
54-070,49.8693894,20.7792162
51-451,54.3402275,18.0617716
54-051,49.8693894,20.7792162
49-315,50.9446759,17.6349073
91-078,51.7828617,19.4258937
60-149,52.3931694,16.8715896
40-382,50.2633743,19.076807
51-450,54.3402275,18.0617716
21-526,51.8021852,23.6045409
59-222,51.2586357,16.0963407
27-400,50.9399528,21.407485
80-808,54.3422603,18.6307525
54-122,49.8693894,20.7792162
52-135,51.0591926,17.0893001
63-672,54.336734,18.0619521
65-436,51.9335289,15.5163536
41-940,50.39268870000001,18.9645757
52-021,51.0748329,17.0853528
51-015,54.3402275,18.0617716
52-442,54.34031,18.0613802
55-430,50.7787737,16.7778012
59-830,51.0396338,15.351252
62-872,51.65314189999999,18.1520331
54-036,49.8693894,20.7792162
51-174,54.3402275,18.0617716
51-035,54.3402275,18.0617716
26-300,51.4109783,20.3193378
83-617,53.99054839999999,18.3645129
51-334,54.3402275,18.0617716
30-572,50.02867879999999,19.9665212
51-061,54.3402275,18.0617716
51-288,54.3402275,18.0617716
52-035,54.34031,18.0613802
53-154,54.3405687,18.0614204
85-296,51.1831894,17.3311279
54-141,49.8693894,20.7792162
50-275,53.6859056,21.4997365
63-601,54.336734,18.0619521
53-105,54.3405687,18.0614204
67-231,51.6657885,15.9597078
87-811,52.71734799999999,19.1103724
51-400,54.3402275,18.0617716
52-252,54.34031,18.0613802
52-374,54.34031,18.0613802
51-358,54.3402275,18.0617716
59-524,51.1398843,15.7548574
54-532,49.8693894,20.7792162
53-290,54.3405687,18.0614204
52-141,51.0537872,17.0808076
55-255,50.7787737,16.7778012
44-040,53.4117295,18.1481437
57-032,54.33740410000001,18.0627582
52-152,54.34031,18.0613802
56-325,54.3374619,18.0623843
54-159,49.8693894,20.7792162
53-242,54.3405687,18.0614204
59-720,51.2272195,15.7045412
57-136,54.33740410000001,18.0627582
53-674,51.1191902,16.9973354
50-641,53.6859056,21.4997365
51-260,54.3402275,18.0617716
58-687,54.3373863,18.0631596
48-370,50.4382498,17.0298596
53-222,54.3405687,18.0614204
00-453,52.2281723,21.0371313
50-608,53.6859056,21.4997365
17-300,52.4441759,22.8215851
50-651,53.6859056,21.4997365
57-330,50.3965077,16.4490964
22-500,50.80677499999999,23.890275
60-067,51.9997936,19.6929602
57-340,50.3792429,16.3851076
52-426,54.34031,18.0613802
44-235,53.4117295,18.1481437
53-093,54.3405687,18.0614204
31-315,50.0823287,19.9159965
60-363,52.4075126,16.8837633
53-045,54.3405687,18.0614204
52-150,54.34031,18.0613802
50-655,53.6859056,21.4997365
84-153,51.2678362,21.5482284
51-693,54.3402275,18.0617716
61-610,50.77826779999999,16.7775507
50-087,51.100912,17.0242214
55-560,50.7787737,16.7778012
55-090,50.7787737,16.7778012
45-677,50.623703,17.993246
58-410,50.8625355,16.0183424
32-129,54.5708127,17.1911473
53-800,54.3405687,18.0614204
52-236,54.34031,18.0613802
62-720,52.09444269999999,18.6026262
55-237,50.7787737,16.7778012
51-864,54.3402275,18.0617716
50-734,53.6859056,21.4997365
52-640,54.34031,18.0613802
59-302,54.337217,18.063112
52-360,54.34031,18.0613802
38-204,49.7015732,21.5513724
16-030,53.19765140000001,23.341394
53-260,54.3405687,18.0614204
43-300,49.7957458,19.0964164
97-438,51.3155536,18.9524074
64-614,50.777789,16.7776824
55-534,50.7787737,16.7778012
53-663,54.3405687,18.0614204
50-171,53.6859056,21.4997365
43-143,50.1415405,19.140685
50-599,53.6859056,21.4997365
50-620,53.6859056,21.4997365
50-610,53.6859056,21.4997365
23-521,53.6462122,17.2886944
52-398,54.34031,18.0613802
50-648,53.6859056,21.4997365
52-263,54.34031,18.0613802
51-432,54.3402275,18.0617716
51-333,54.3402275,18.0617716
50-498,53.6859056,21.4997365
51-267,54.3402275,18.0617716
52-313,54.34031,18.0613802
5552,50.0345462,18.7036942
51-302,54.3402275,18.0617716
51-654,54.3402275,18.0617716
61-305,50.77826779999999,16.7775507
58-212,50.7854471,16.7394964
51-067,54.3402275,18.0617716
51-787,54.3402275,18.0617716
51-565,54.3402275,18.0617716
51-487,54.3402275,18.0617716
51-098,54.3402275,18.0617716
51-554,54.3402275,18.0617716
50-631,53.6859056,21.4997365
51-626,54.3402275,18.0617716
51-767,54.3402275,18.0617716
51-285,54.3402275,18.0617716
51-876,54.3402275,18.0617716
52-356,54.34031,18.0613802
51-320,54.3402275,18.0617716
53-383,54.3405687,18.0614204
56-538,54.3374619,18.0623843
51-343,54.3402275,18.0617716
53-693,54.3405687,18.0614204
51-223,54.3402275,18.0617716
51-545,54.3402275,18.0617716
53-782,54.3405687,18.0614204
78-100,54.1750919,15.5998212
54-250,49.8693894,20.7792162
51-256,54.3402275,18.0617716
50-133,51.1126594,17.0287141
52-620,54.34031,18.0613802
52-365,54.34031,18.0613802
51-231,54.3402275,18.0617716
52-482,54.34031,18.0613802
51-500,54.3402275,18.0617716
51-564,54.3402275,18.0617716
53-562,54.3405687,18.0614204
54-457,49.8693894,20.7792162
51-786,54.3402275,18.0617716
52-650,54.34031,18.0613802
47-300,50.45740499999999,17.8836269
56-617,54.3374619,18.0623843
56-627,54.3374619,18.0623843
54-813,49.8693894,20.7792162
41-818,50.32566449999999,18.7653188
53-690,54.3405687,18.0614204
53-274,54.3405687,18.0614204
49-220,51.3067773,22.791127
50-640,53.6859056,21.4997365
54-137,49.8693894,20.7792162
51-585,54.3402275,18.0617716
51-560,54.3402275,18.0617716
52-560,54.34031,18.0613802
59-724,51.3376802,15.3649412
57-256,50.5001924,16.7391302
15-740,53.1450881,23.1305541
55-501,50.7787737,16.7778012
52-006,54.34031,18.0613802
32-020,49.9787123,19.893249
09-410,52.5363656,19.7751366
73-210,53.261664,15.5572559
54-258,49.8693894,20.7792162
51-632,54.3402275,18.0617716
50-086,51.09741589999999,17.0349597
54-013,49.8693894,20.7792162
46-073,50.67078850000001,17.8248922
63-024,52.12837409999999,17.3773883
53-078,54.3405687,18.0614204
42-323,54.3376283,18.0618783
67-120,51.76188,15.5748473
57-975,54.33740410000001,18.0627582
53-667,54.3405687,18.0614204
52-522,54.34031,18.0613802
52-264,54.34031,18.0613802
51-106,54.3402275,18.0617716
53-264,54.3405687,18.0614204
53-665,54.3405687,18.0614204
76-004,54.2155163,16.3979408
55-536,50.7787737,16.7778012
95-015,51.9955329,19.7135734
48-130,50.0634647,17.9404529
40-303,50.2739067,19.0538473
51-914,54.3402275,18.0617716
42-280,50.7706928,19.0558204
51-201,54.3402275,18.0617716
46-081,50.7588162,17.8529769
45-062,50.6661796,17.931982
53-059,54.3405687,18.0614204
53-480,54.3405687,18.0614204
32-310,50.3730194,19.5999763
50-780,53.6859056,21.4997365
54-564,49.8693894,20.7792162
50-480,53.6859056,21.4997365
52-370,54.34031,18.0613802
50-632,53.6859056,21.4997365
52-380,54.34031,18.0613802
50-654,53.6859056,21.4997365
53-258,54.3405687,18.0614204
51-023,54.3402275,18.0617716
34-500,49.2759107,19.9739353
51-012,54.3402275,18.0617716
45-106,52.41815339999999,18.1086288
