344;51.1166602022,17.0325314999
344;51.1167780625,17.0322471857
344;51.1166147417,17.0323625207
344;51.1166399975,17.0321720839
344;51.1166871417,17.0320728421
345;51.1263136505,17.0345163345
345;51.1274179276,17.0352888107
346;51.1265358547,17.0482009649
346;51.1272428611,17.0504003763
346;51.1255056262,17.0502823591
347;51.1265358547,17.0482224226
347;51.1272428611,17.050421834
347;51.1255123598,17.0502609015
340;51.151449612,16.9312351942
341;51.1130670016,17.0362114906
342;51.1200780297,16.9704651833
342;51.1197749813,16.9733351469
342;51.1195965185,16.9757035375
342;51.1190038825,16.9787988067
342;51.118997148,16.979624927
342;51.117475116,16.9846996665
342;51.1171417439,16.9853715599
342;51.1167443882,16.9862513244
342;51.1167039789,16.9861681759
342;51.115845274,16.9876809418
342;51.117475116,16.9916680455
342;51.1172495008,16.9919630885
343;51.1428817658,17.0466989279
348;51.1306498064,17.0634627342
349;51.1096924388,16.8817591667
595;51.119148675,17.0420050621
595;51.1194180551,17.0512747765
595;51.1270677938,17.0547509193
595;51.1278757909,17.0535063744
719;51.1043842447,17.1220207214
719;51.095760498,17.104511261
719;51.1005037577,17.0791053772
719;51.1059471266,17.0692563057
718;51.1197682468,17.0482814312
718;51.1228525135,17.05031991
717;51.1414211023,17.0906817913
717;51.1394689913,17.0821416378
717;51.1319424946,17.0643210411
717;51.1284144477,17.0550513268
717;51.1315116025,17.0789551735
717;51.1154580096,17.0738482475
716;51.0997626555,17.0449849963
716;51.0996683325,17.0455053449
716;51.0998906649,17.0456555486
716;51.0999917247,17.0452424884
715;51.1095577206,17.0220065117
714;51.1180711389,17.0519292355
713;51.1516918846,17.1247780323
712;51.1008069325,16.9920006394
712;51.1121240348,16.9926980138
712;51.1014334874,16.9922205806
712;51.1025518331,16.9922527671
712;51.1020095062,16.9920381904
711;51.1228312339,17.0552015305
710;51.1130054848,17.0282138588
606;51.104417928,17.1497386694
594;51.1443191295,16.8783395942
736;51.1040170945,17.0401248336
736;51.1038048871,17.0408275723
619;51.0804763463,17.0280683041
298;51.113898817,17.0543888211
299;51.0788605169,17.0903478563
299;51.0793164517,17.0900601894
299;51.078425035,17.0902626961
299;51.0776874041,17.0897369832
299;51.0777573374,17.0899421722
296;51.0982467275,17.0120662451
296;51.0983814786,17.0110470057
297;51.1104955757,17.0371372551
294;51.1413975428,17.0655950904
294;51.1412662827,17.0658740401
294;51.1413840802,17.0659437776
294;51.1413773489,17.0660349727
294;51.1412696483,17.065949142
294;51.1406167079,17.068041265
295;51.124829905,16.989040017
292;51.1098002131,16.8966829777
293;51.1063917299,17.0275211334
290;51.0841344962,17.0256035977
290;51.0842532459,17.0247491924
290;51.0837679904,17.0242771236
290;51.0836466761,17.0251783458
291;51.1510323618,16.9250392914
291;51.1520552912,16.9257259369
291;51.15022477,16.9285583496
291;51.1495786863,16.9266700745
291;51.1499151893,16.9278931618
591;51.1007829481,17.0335400105
590;51.1276973594,16.9445429742
593;51.1031143642,17.0028582215
592;51.1451555746,17.1157915592
199;51.1036656781,17.0542144775
199;51.1502068408,17.0267486572
199;51.0658524225,17.0576477051
199;51.1124316588,16.9862365723
198;51.1063602945,17.0396232605
198;51.1257570141,16.9651222229
198;51.127803987,17.1160125732
198;51.1562365211,17.0418548584
198;51.067578416,17.054901123
597;51.0761961483,17.0407551527
597;51.0752322066,17.040733695
596;51.0756231784,16.9687914848
195;51.1113590047,17.0420440759
194;51.0753805066,16.9819879532
194;51.0707425351,16.9740056992
194;51.0683694397,16.9708299637
194;51.0747873036,16.9795846939
194;51.0734390867,16.9777393341
197;51.0691211578,16.9802588226
197;51.0731584842,16.97962448
196;51.1584660297,16.9160914421
196;51.1696882845,16.9029164314
196;51.1264258739,16.953599453
196;51.1118366501,16.9729220867
196;51.1073235876,17.0083272457
191;51.0717739847,17.0005005598
191;51.0720773478,16.9990628958
190;51.1490180668,17.0755244494
190;51.1382031042,17.067294091
193;51.0669252974,16.9959616178
192;51.151617857,16.8929117918
270;51.1253574869,17.0531871915
271;51.1646213393,17.0435419679
272;51.101032935,17.0277864285
272;51.1008920663,17.0273943381
273;51.1041417238,17.0314049721
274;51.1271755276,17.0333790779
275;51.0853829207,16.9778037071
275;51.0753265794,17.0108485222
275;51.0969733096,17.1029448509
276;51.0798259165,16.9931325316
276;51.0805707084,16.9914320111
277;51.0814226549,17.000092864
277;51.0816855149,17.0005005598
278;51.1696030737,16.889526844
278;51.1698721595,16.885535717
279;51.1731817864,16.8871235847
279;51.1713251957,16.8859648705
738;51.0651135838,17.0259386301
738;51.0669952805,17.0270383358
738;51.0666986262,17.0268452168
738;51.0661592499,17.0264804363
738;51.0614732891,17.02428174
738;51.0636174898,17.0253760813
524;51.1366281859,16.9502857749
524;51.1356587718,16.9528392379
525;51.0771169297,16.9639420509
525;51.0767664147,16.9805502892
526;51.1088167635,16.9529289007
527;51.1007462977,16.9536584616
527;51.0991933461,16.9545865059
521;51.0821680949,17.0090299845
521;51.083354304,17.0052319765
521;51.0827679431,17.0072329044
522;51.1270408604,17.0489037037
522;51.1268321254,17.0482224226
522;51.1272563277,17.0486864448
523;51.1001156911,17.0401511192
599;51.145716443,16.945288629
599;51.1443837554,16.9486789412
528;51.1439519922,17.1299117804
529;51.0898947575,17.0423296094
529;51.0901070287,17.0422974229
449;51.1453035369,16.8599681882
448;51.0767757844,17.0471227169
448;51.0766409702,17.048163414
443;51.1086955148,16.9709587097
442;51.0746727067,17.0096361637
441;51.0693277263,17.0123451948
441;51.0693395245,17.0124712586
441;51.0694237966,17.0124685764
441;51.0694878434,17.0124149323
440;51.0762702968,17.0833861828
447;51.1573849247,16.8480491638
446;51.0906326486,16.9963485003
445;51.097485376,16.8700218201
444;51.1302458339,16.9850349426
108;51.1213181222,17.0433991402
109;51.0949265597,17.0656514168
102;51.1202531234,16.9960856438
103;51.0750839061,17.0329070091
100;51.1010696824,17.0528626442
101;51.169226351,16.9082996249
106;51.0771331074,17.050845623
107;51.0805841887,17.0447087288
104;51.0875934051,17.0461249352
105;51.078157674,17.0511889458
39;51.1964803507,16.9232234359
38;51.1447327706,16.9864726067
33;51.1103390807,17.0504486561
32;51.1148620878,17.0278000832
32;51.1151314929,17.0263933182
31;51.1273101944,17.0317912102
30;51.0703312972,16.9698750973
37;51.137428476,17.0751142502
36;51.1091104534,17.0280495286
35;51.1168478806,17.0133697987
34;51.1001965388,17.0347630978
641;51.0933179337,16.9767040014
641;51.0940456629,16.9772136211
640;51.1330264396,17.0286691189
643;51.0974255229,17.1074938774
642;51.147869213,16.9866013527
642;51.1472702094,16.9845950603
642;51.1474519304,16.9853138924
642;51.1468259994,16.9865047932
642;51.1476471114,16.9875454903
645;51.0671828464,16.9859790802
645;51.0608178721,16.9897556305
645;51.0713627559,16.985270977
645;51.0755692514,16.9823098183
645;51.0807459518,16.9790482521
645;51.0843854724,16.969306469
645;51.0889142538,16.9675469398
645;51.0943589872,16.9700360298
644;51.1249433676,16.9459699094
438;51.0829296985,17.0536029339
439;51.1033535221,17.0135360956
436;51.0649713867,17.0385235548
436;51.0646275222,17.0403903723
437;51.1318886333,17.1023494005
434;51.098859533,17.0580261408
434;51.0997488729,17.0627468287
434;51.1009076837,17.0549791514
435;51.118838886,16.8748229742
432;51.0800180133,16.9856357574
433;51.1260537375,16.9977432489
433;51.1262153416,16.9962304831
433;51.1263769451,16.9941276312
433;51.126599149,16.9934624434
430;51.064054409,17.0440864563
431;51.0865960045,17.0093250275
339;51.1193507102,16.951829195
338;51.1575567649,17.1348197758
335;51.1588881469,17.1321004629
335;51.1598301591,17.1333128214
334;51.1558372411,17.1271759272
337;51.1577371838,17.1304517982
337;51.158638174,17.1317499874
336;51.108545166,17.0180636644
331;51.1010270751,17.1101409086
331;51.1042764578,17.0848560333
330;51.0899762967,17.0168824195
330;51.0903267116,17.0159811973
333;51.1630584234,17.1222109802
332;51.1698183425,17.0239162445
744;51.0635217445,16.975389719
744;51.0611988512,16.9701138139
745;51.1081162113,17.0494455099
745;51.1071529347,17.050293088
748;51.1586499494,17.1444815397
748;51.1572368877,17.1387308836
748;51.1573647379,17.1396535635
748;51.1575867927,17.1411556005
748;51.1577953887,17.1407908201
748;51.1577886598,17.1398681402
748;51.1574387563,17.1401900053
748;51.1571965139,17.1392029524
748;51.1577079131,17.139160037
748;51.1570081022,17.1388274431
6;51.1752310125,16.9958657026
99;51.0653246881,17.0761549473
98;51.0968806653,17.0211334527
91;51.0865016538,17.0500658506
90;51.0872203259,17.0508387551
93;51.0656697834,17.0374158025
92;51.100951782,17.0092096925
92;51.1008911474,17.0096495748
92;51.1009012531,17.009434998
92;51.1008305127,17.0097407699
92;51.1007867209,17.0099660754
92;51.1007665093,17.0100572705
92;51.1006789256,17.0104756951
92;51.1007227175,17.0102450252
92;51.1007092431,17.010320127
92;51.1007429291,17.0101806521
92;51.1007867209,17.0098856091
92;51.1008136697,17.0098266006
92;51.1008439871,17.0096710324
92;51.1008709358,17.0095959306
92;51.1008911474,17.0095422864
92;51.1008911474,17.0094832778
92;51.1009046217,17.009370625
92;51.1009383076,17.0092901587
92;51.1006789256,17.0103898644
92;51.1006856628,17.0104649663
92;51.1006620826,17.0105132461
92;51.1006452395,17.0105776191
92;51.1006351337,17.0106366277
92;51.1006182907,17.0107117295
92;51.1006048162,17.0108029246
92;51.100598079,17.0108565688
92;51.1005913418,17.0109048486
92;51.1005744987,17.0109477639
92;51.1005509184,17.0110872388
92;51.1005475498,17.01107651
92;51.1005576556,17.0110282302
92;51.1005576556,17.0110121369
92;51.1005239694,17.0111355186
92;51.1005206008,17.0111784339
92;51.1005071264,17.0112320781
92;51.1005071264,17.0112803578
92;51.100456597,17.0114412904
92;51.1004532284,17.0114949346
92;51.1004397539,17.0115271211
92;51.100429648,17.0115754008
92;51.1000759411,17.0130881667
92;51.1000927843,17.0130506158
92;51.1001062589,17.0129808784
92;51.1001062589,17.0129647851
92;51.1001264708,17.0129057765
92;51.1001365767,17.0128467679
92;51.10015342,17.0127823949
92;51.1001702632,17.0127233863
92;51.1001938437,17.01264292
92;51.1002140555,17.0125839114
92;51.1002443733,17.0125088096
92;51.1002578478,17.0124444366
92;51.1002713224,17.0123586059
92;51.1002949028,17.0122620463
92;51.1003151146,17.0121601224
92;51.1003151146,17.0121279359
92;51.1002949028,17.012219131
92;51.1003252205,17.0120689273
92;51.100348801,17.0119723678
92;51.10037575,17.0119187236
95;51.0956190012,17.0230525732
94;51.1050554559,17.0872202788
97;51.0882931732,17.0422431082
97;51.0876297965,17.0404064655
97;51.0938832726,17.0410072803
97;51.0892606336,17.0388615131
97;51.0933981194,17.0365869999
96;51.1010073636,17.008985728
96;51.0999917247,17.0136152208
740;51.1442952671,17.0373648405
741;51.0564144699,17.0896464586
741;51.0675671441,17.0821791887
741;51.0697043208,17.0800763369
741;51.0640746367,17.0830267668
741;51.0641083494,17.083337903
741;51.0609122743,17.0817929506
742;51.0998246391,17.0453710563
742;51.0968816762,17.0563116088
742;51.1007085687,17.0418062224
742;51.1013283878,17.0395746245
743;51.1660240833,16.8752360344
559;51.1415489963,17.0261317492
559;51.1344335104,17.0584845543
558;51.1095577206,17.0320701599
746;51.0641622897,17.0831769705
746;51.0635419724,17.0823508501
746;51.0627261077,17.0812672377
747;51.1183876678,17.0376956462
555;51.0752187247,17.050716877
554;51.1214248873,16.8987858295
554;51.1277411257,16.8973910809
557;51.1074872209,17.0967885107
556;51.1452510387,17.1475231647
551;51.1451971929,17.1475446224
550;51.1451971929,17.1475446224
553;51.1000738915,17.0458057523
552;51.0751782792,17.0419567823
238;51.1219636194,16.9242721796
239;51.1215959354,16.9218152761
239;51.1225454429,16.921761632
234;51.1211420504,16.9284832478
235;51.1149192017,16.9619035721
236;51.1086550985,17.0185082406
236;51.1085767919,17.0180871338
236;51.1084824869,17.0176767558
236;51.1088344456,17.0175708085
236;51.1088394976,17.0179637522
236;51.1087948714,17.0183620602
236;51.1088428656,17.0185323805
236;51.1088900177,17.0181649178
236;51.1089657979,17.0178108662
236;51.1090382099,17.0172583312
237;51.0992438768,16.9409930706
230;51.0878831863,17.038770318
230;51.0885247422,17.0345706938
231;51.094453321,17.0319575071
232;51.117101335,17.0580554008
232;51.1167780625,17.0576409996
232;51.1172057246,17.0575658977
232;51.1167494393,17.0580889285
233;51.0959963249,16.9480741024
1;51.1418788267,17.0544290543
614;51.1178327307,16.9421396259
146;51.1034450586,17.0710902661
147;51.1059387734,16.9616621733
144;51.0516194777,17.0596003532
144;51.0520780919,17.0622611046
145;51.0835686271,17.0304341912
145;51.0899709044,17.0651178353
145;51.0898657803,17.0279080866
145;51.0898657803,17.0279080866
145;51.0835686271,17.0304341912
145;51.0826978489,17.049966216
145;51.0828596046,17.0458034276
145;51.0832693834,17.0537009242
145;51.0978195637,16.9938651336
145;51.0990296264,16.9735128852
145;51.1302404472,16.9816024275
142;51.096531311,17.1146764756
143;51.127491994,17.0334273577
140;51.1467411953,16.8750618689
141;51.1474178298,16.872920036
612;51.0575271608,17.0232081413
613;51.1398256574,16.9579929113
610;51.0752726521,17.0503735542
611;51.0588117798,16.9570105523
616;51.1496325269,17.1123862267
617;51.14036428,16.9658491015
148;51.1271261498,17.0479273796
148;51.1266254095,17.0481582284
149;51.1226100895,17.0469751954
768;51.1165573828,17.0681523979
689;51.1129524995,17.0707529783
689;51.1086584666,17.0693662763
688;51.0854098785,17.0817661285
684;51.0891220817,16.9730186462
684;51.0845024378,16.9775944948
687;51.1363992982,16.9592803717
686;51.1115110961,17.0602762699
681;51.0825015843,16.989197731
680;51.1338679942,17.1036918461
680;51.1337501775,17.1035765111
680;51.1336104801,17.1034558117
680;51.1331358425,17.1032841504
680;51.1326679326,17.1033163369
680;51.1328581268,17.1033968031
680;51.1330483202,17.103638202
683;51.0970048563,17.0560871466
683;51.0992663868,17.0549362354
683;51.1010450314,17.0531337909
683;51.1031739251,17.0505159549
683;51.1046560059,17.0487135104
682;51.0807729122,17.0094752312
623;51.14272022,17.1219456196
623;51.1431846625,17.124863863
623;51.1434942883,17.1275138855
622;51.1471019485,17.1147841215
622;51.1458467032,17.1120804548
622;51.1453435859,17.1167099476
133;51.0866216137,17.0505230429
133;51.0851713018,17.0511446003
132;51.0858789408,17.0498911143
131;51.110009025,16.9557076693
131;51.1098877795,16.9558364153
131;51.1098204207,16.955922246
131;51.1096991747,16.9560831785
131;51.1092411313,16.9565874338
131;51.1091400917,16.9566839933
131;51.1090255799,16.9568556547
131;51.1089245398,16.9569629431
131;51.1087696113,16.9571238756
131;51.1086820427,16.9572204351
131;51.1085271134,16.9573706388
130;51.1189870462,17.042927742
130;51.1189870462,17.042992115
137;51.1086632492,16.9584703445
136;51.1022617395,16.9718277454
136;51.1021539477,16.9714844227
135;51.1045679871,16.9707012177
135;51.1044905156,16.9704008102
134;51.1043842447,16.9507670403
134;51.1024440419,16.9520115852
494;51.1302996971,16.9584488869
495;51.082228754,17.002595365
139;51.1267311242,16.954382658
138;51.1058289692,16.961517334
490;51.0964393395,16.9478273392
490;51.0964612374,16.94765836
490;51.0963365874,16.9478085637
491;51.1417576648,16.9914346933
492;51.0889877305,17.0084233175
493;51.0699976525,17.0798966289
493;51.070995411,17.0818921924
24;51.1143410989,17.0340281725
24;51.1166242829,17.0335882902
25;51.1231703564,17.0550913818
26;51.1097536318,17.0314303378
27;51.1417171243,17.1236834472
20;51.0785555637,17.0101777553
21;51.0671193583,16.9959166646
21;51.0670356439,16.9941812754
22;51.125558092,16.9833384454
23;51.0798702899,17.0080885291
23;51.0799478026,17.0079812407
23;51.0838502336,17.0104327798
23;51.0841029704,17.0104542375
23;51.1105654031,17.0349547866
23;51.1127275356,17.0359311104
23;51.1169518217,17.0341132879
23;51.1169888633,17.033356905
28;51.1083356465,17.0391096175
28;51.1088693044,17.0389090778
29;51.0979671176,16.9932505488
407;51.1138887141,17.0337063074
406;51.1075234281,17.040669322
405;51.1104131745,17.1177130938
404;51.0952484124,17.0376223326
403;51.0764525672,17.008362007
403;51.075553882,17.0085525513
402;51.093146107,16.9962573051
401;51.101529491,17.0097984374
400;51.0834739342,16.9948518276
629;51.1275660603,17.0352244377
409;51.1119084968,17.1169728041
408;51.103750993,17.0403635502
628;51.1251958798,16.9442868233
758;51.0821860681,17.0028147699
379;51.106961624,17.0467243198
378;51.1115717167,17.0390117168
371;51.0896285747,17.0442527533
371;51.0894061929,17.0428794622
370;51.0900093167,17.0424985886
373;51.109288283,17.049279213
372;51.1100427043,17.0319414139
375;51.1145150917,17.1148109436
374;51.141017224,17.0447731018
377;51.1150606394,17.0628243685
376;51.1675041506,17.0224571228
708;51.0901182556,17.0162086445
709;51.1451635393,17.1475338936
709;51.144709886,17.1455708741
704;51.0917411477,17.0065489411
704;51.0916299621,17.0059803128
704;51.0917984251,17.0066025853
705;51.1100696477,17.0315001905
706;51.0903159296,17.0165777206
707;51.0954707661,16.9868883491
700;51.1721620161,16.8305849434
618;51.1400848723,16.9586017728
618;51.1401723813,16.9584086537
618;51.1402598902,16.9582530856
618;51.1403002788,16.9579795003
702;51.1118276698,17.1274039149
703;51.1135452131,17.0208477974
393;51.1117535783,17.0130479336
392;51.1341332491,16.8971523643
88;51.089830739,16.9955921173
88;51.0864342618,17.0118141174
89;51.067317688,16.9986176491
89;51.0653489605,16.9980597496
397;51.09136042,16.9845575094
396;51.0982774676,17.0517300814
395;51.1670063151,17.0093142986
394;51.1074931151,17.1017673612
394;51.1075638453,17.1020784974
394;51.1088807557,17.1013328433
394;51.1089649559,17.1015956998
82;51.1115030132,17.0602869987
83;51.0503110532,17.0307075977
83;51.0479099307,17.0301926136
80;51.0944950974,17.0583933592
81;51.1161907783,17.0741486549
86;51.0845526142,17.0645356178
86;51.0810600402,17.0661905408
87;51.0923644563,17.029838562
87;51.0731155088,17.0149040222
84;51.1111498571,17.0227166265
85;51.1170743957,17.0083165169
791;51.1193906999,17.0273594858
790;51.1660213921,16.9691333774
7;51.0979556635,17.0922803879
601;51.0582192636,17.0797652006
607;51.0806920308,17.028003931
586;51.1608535664,17.1272791922
587;51.1441047834,17.1165248752
584;51.098822786,17.0517683029
585;51.1251285433,17.053334713
582;51.1161247757,17.0698946714
583;51.0585838552,17.0567169785
583;51.0578825419,17.0569744706
580;51.0576418002,17.0803982019
581;51.1550431919,16.9387292862
588;51.1444500765,17.1167770028
589;51.1195796824,17.0535492897
589;51.1223508291,17.0502609015
589;51.1224350047,17.0506203175
589;51.122333994,17.0500731468
589;51.1224148026,17.0504057407
589;51.1221050355,17.0500516891
589;51.1222363501,17.0501536131
589;51.1221353389,17.0499283075
589;51.1220006569,17.049831748
589;51.1222801215,17.0498907566
589;51.1220814662,17.0495983958
589;51.1222666534,17.0496949553
245;51.1357627615,17.0173812501
244;51.1248591965,17.0890402794
247;51.1446923858,17.0441347361
246;51.1317876432,16.9605624676
246;51.1302458339,16.96007967
246;51.1311413015,16.9608736038
241;51.116016107,17.0319736004
241;51.1161575413,17.0316356421
241;51.1159857996,17.0324993134
241;51.1158578347,17.0327675343
240;51.1159968113,16.9333219528
243;51.1069373735,16.9497290254
242;51.1041754073,16.9506329298
242;51.1048894925,16.9491630793
615;51.1545923274,16.8994697928
615;51.1543736228,16.9003549218
615;51.1542121173,16.9003388286
249;51.1361122446,17.0281863213
249;51.1358294975,17.0278429985
249;51.1360045315,17.0284330845
249;51.1354524991,17.028336525
249;51.1352639986,17.0283150673
249;51.1352841951,17.0278322697
249;51.1350553008,17.0282506943
249;51.1350822296,17.0278000832
248;51.1096924388,17.0801568031
519;51.1178006734,17.0417261124
518;51.1342580217,17.0768823622
518;51.1371770628,17.0752515792
511;51.0622945701,17.0708870888
510;51.130622875,17.1035563946
513;51.1624448152,16.9863252633
512;51.0819052376,17.034881115
512;51.0782385599,17.0339798927
515;51.1355712539,17.0444566011
514;51.062152971,17.0211696625
514;51.0708180404,17.0248789794
517;51.1198860992,17.053155005
516;51.1624458946,17.1215836163
458;51.0804089446,17.062497139
458;51.0790339301,17.0630550385
458;51.07838348,17.0638167858
459;51.0768904435,17.0421123505
621;51.1535355964,16.8919622898
621;51.1535086784,16.8921124935
620;51.1391458753,17.0825815201
620;51.1410979999,17.0876562595
620;51.1418922891,17.0818305016
627;51.1344469749,17.0282292366
627;51.1360626966,17.039000988
627;51.1384592464,17.0200753212
627;51.14167689,17.0262819529
627;51.1390449011,17.0285242796
627;51.1388799761,17.0286825299
627;51.1392939704,17.0283123851
627;51.1389405609,17.0289024711
627;51.129208955,17.0367103815
627;51.1283538491,17.0364421606
627;51.1284144477,17.0352619886
627;51.1284548467,17.034779191
627;51.128387515,17.0356374979
627;51.1284615799,17.0340389013
627;51.1285154451,17.0328265429
627;51.1269398597,17.0284169912
627;51.1269533264,17.0281594992
626;51.1559718243,17.1322613955
626;51.1585456535,17.1366763115
626;51.1573310931,17.1342086792
625;51.0941541473,16.9947552681
625;51.0948279588,16.9871163368
625;51.0961216495,16.9867300987
625;51.0918092065,16.9861721992
625;51.0949142055,16.9722833647
624;51.1378601206,17.0585328341
624;51.1375487741,17.0580272377
450;51.1041402561,17.0288615228
451;51.1201271906,17.0429323913
452;51.1216807858,16.8983244896
453;51.1224148026,16.9601225853
454;51.0753602839,17.0864439011
455;51.0994897921,17.0208826661
456;51.0847898459,17.0728397369
457;51.124519144,16.9655155018
457;51.1245645967,16.9656714052
457;51.1247480905,16.9660965353
457;51.1248356286,16.9662246108
457;51.125246382,16.9672934711
179;51.1233931929,16.9227124751
179;51.1231070012,16.9221358001
179;51.1231474048,16.9202180207
178;51.1242273478,16.9227808714
178;51.123632302,16.9226898551
177;51.1229027939,16.9228291512
176;51.078130712,16.9870144129
176;51.0803752438,16.9955089688
175;51.1169150047,17.0333361626
175;51.117521137,17.0322418213
175;51.1182350159,17.0318984985
175;51.1192990791,17.0315766335
175;51.1200387459,17.0313513279
175;51.1207997259,17.031083107
175;51.1218502618,17.0308041573
175;51.1226650841,17.030299902
175;51.1233586818,17.0298922062
175;51.1245236333,17.0291090012
174;51.0966364207,16.9753081798
174;51.0970272116,16.9748468398
173;51.0749985218,17.005559206
173;51.0746468662,17.0045989752
173;51.073992984,17.0038801432
173;51.0712425327,16.9997602701
173;51.0687548514,16.9957906008
173;51.0673322956,16.9921642542
173;51.0661591602,16.9892781973
172;51.065131856,16.9730941774
171;51.0584139226,16.9723400474
171;51.0583903208,16.9723346829
171;51.0583633473,16.9723239541
171;51.05860948,16.9725492597
171;51.058680285,16.9719430804
171;51.0585521615,16.9734075665
170;51.1466644674,16.9391852617
170;51.1468798433,16.9353765249
656;51.0828690403,16.9955331087
657;51.1082644059,17.0252037048
657;51.0870812291,16.978533268
657;51.1087494032,17.0806932449
654;51.0928361437,17.0023673773
253;51.0784340335,17.0419996977
253;51.0785654722,17.0436680317
182;51.1115110961,17.0601850748
182;51.111807463,17.0638757944
182;51.1128447326,17.0654529333
182;51.1109318278,17.0615637302
182;51.1122991586,17.0606786013
183;51.1132219157,17.0243024826
183;51.1087494032,17.0431852341
183;51.1106354552,17.0223283768
183;51.1077794036,17.0228433609
183;51.1060549096,17.0274782181
183;51.104114777,17.0330572128
183;51.1039530956,17.0387220383
180;51.0640813792,17.0827102661
180;51.0629755885,17.0820343494
180;51.0591118563,17.0867443085
181;51.0748344905,17.0052185655
186;51.1192339794,17.0404171944
187;51.1243642677,16.9772820175
187;51.1255813791,16.9784702361
184;51.1138469552,17.1039319038
185;51.0978626845,17.0649862289
652;51.1388564154,17.0737463236
652;51.1407277758,17.0711901784
652;51.1389843165,17.0695486665
188;51.0987424976,17.0066615939
189;51.1330466371,17.0257508755
189;51.1327504063,17.0261800289
189;51.1326561507,17.0271027088
189;51.1326561507,17.0278537273
189;51.1326830809,17.0285618305
189;51.1326561507,17.0296776295
189;51.133100497,17.0346987247
189;51.1332755413,17.0355784893
189;51.1334371202,17.0365440845
658;51.1161315107,17.0622611046
658;51.116077631,17.0617890358
658;51.1158082314,17.0623898506
658;51.1158351715,17.0619177818
658;51.1158351715,17.0631623268
658;51.1160237512,17.0615315437
653;51.0997963422,17.0666599274
653;51.1001601573,17.0667672157
653;51.100510495,17.0669710636
653;51.1008743044,17.0671641827
650;51.0813390784,16.9624614716
651;51.1052465309,17.004776001
764;51.0919399335,16.9832174788
11;51.1051005722,17.0026624203
10;51.102659624,17.029967308
10;51.1072405061,17.033572197
13;51.0816356388,16.9797456264
13;51.0813559285,16.9801533222
13;51.0810155557,16.9805583358
12;51.0913725494,16.9832539558
12;51.086412696,16.9814944267
12;51.086412696,16.9843697548
12;51.0868709656,16.9866871834
12;51.0868979225,16.9889616966
12;51.0862239954,16.9911074638
12;51.089539622,16.9822669029
12;51.0871513168,16.9773902907
12;51.0844016476,16.9767036452
12;51.0846981884,16.9741716399
15;51.0713946656,17.0527017117
15;51.0713407337,17.047970295
15;51.0712454539,17.0327124596
15;51.0712319709,17.0393643379
14;51.1145712185,17.0170176029
17;51.0711645556,17.024987698
17;51.0712319707,17.0323691372
16;51.0584442678,17.0938467979
19;51.1331408919,16.974606514
18;51.1112214628,17.0383867621
659;51.1415826526,17.0263409615
659;51.1389977798,17.028529644
753;51.1047884433,17.0340228081
752;51.1598476535,16.8920105696
62;51.0941575166,17.0231062174
756;51.0498928891,17.0805966854
756;51.0502975641,17.0810687542
756;51.0505808345,17.0790302753
756;51.0506617685,17.0793735981
756;51.0587814349,17.0730865002
756;51.0595231939,17.0744168758
756;51.0558007925,17.0741379261
756;51.05190274,17.0779573917
756;51.051309236,17.0836651325
756;51.0572709071,17.0888364315
756;51.059772692,17.0846897364
756;51.0615697128,17.0845448971
322;51.146838923,17.1089959145
323;51.1159172037,16.9523173571
320;51.1237599087,17.1197891235
320;51.1217397096,17.1212482452
320;51.128284834,17.1148967743
320;51.1259954926,17.1173429489
321;51.1470219907,17.1092246514
326;51.069250061,17.0899012685
326;51.0699747981,17.0892360806
326;51.0698804144,17.0898368955
326;51.0701715875,17.0896880329
326;51.0697432543,17.0886030793
326;51.0696300438,17.0894861966
327;51.1241588875,17.0306754112
324;51.199876136,16.9753468037
325;51.0838058642,17.0665901899
328;51.088176487,17.030954361
329;51.1133205003,17.0920340038
329;51.1134463267,17.0941742173
329;51.113540622,17.0960195771
329;51.1135945047,17.0977147332
329;51.1136079737,17.099560093
329;51.1136887984,17.1012981645
329;51.1139312684,17.1038730851
329;51.1135406212,17.103229355
329;51.1132173237,17.1050317994
329;51.1130422038,17.1062548863
329;51.1120857642,17.1080144149
329;51.1131364982,17.1078856698
329;51.1108598792,17.1080787886
329;51.1099033952,17.1084221108
329;51.1088121703,17.1076067193
329;51.1078152279,17.1067484128
329;51.1064410281,17.1056111562
329;51.1065892276,17.1040018308
329;51.1065488095,17.1023066748
329;51.1065488095,17.100654434
329;51.1065218654,17.0989163629
329;51.1065218654,17.0973070375
329;51.1064814472,17.095504593
329;51.1063871381,17.092886757
329;51.1063871381,17.09138472
329;51.1092432757,17.0942815057
329;51.1096878473,17.0962985269
329;51.1074380015,17.0937236062
329;51.1122743592,17.0941742173
329;51.1104557332,17.1022852168
329;51.1105769769,17.1036370501
329;51.1106173919,17.1053536639
759;51.1016356001,17.1060776711
759;51.1011640025,17.1085131168
759;51.1013526421,17.1075421572
759;51.1017164449,17.1050208807
759;51.1020735078,17.1031218767
759;51.1026865717,17.0999461412
759;51.1030436272,17.097800374
759;51.1034006799,17.0954078436
759;51.1038250974,17.0922321081
759;51.104114777,17.0887666941
759;51.1043640347,17.0869320631
759;51.104498768,17.0852905512
759;51.104377508,17.0837563276
759;51.1044448747,17.0828980207
201;51.1051140455,17.1188986301
201;51.1492848053,16.9857805967
201;51.1288678124,16.9981992245
201;51.1358966392,16.983050108
201;51.1355016886,16.8784922361
201;51.0836530984,16.9948303699
201;51.1189848015,16.9397324324
201;51.1644273514,16.9649881124
201;51.1445095322,17.1213582158
201;51.1446620972,16.9863538742
201;51.0715501688,17.0405935049
201;51.0624132434,16.9898722175
201;51.1629265522,16.9019279483
201;51.0808645778,17.044074297
201;51.1349640121,17.0170544386
201;51.1363070695,17.0437906982
201;51.1574616346,17.1292676926
201;51.1077005901,17.1265636683
201;51.0778941198,17.0598494411
201;51.1000105891,16.9472901823
201;51.122457227,16.9165198805
200;51.12376873,16.9633239628
203;51.1295927376,16.9586795568
202;51.1282259185,16.957719326
202;51.1291550906,16.9593501091
205;51.1007597721,17.0011818409
204;51.0661040988,16.9870305061
204;51.0697178043,16.9874596596
204;51.0750839061,16.9846379757
204;51.0814199587,16.9816875458
204;51.0806650703,16.9840908051
204;51.0788856418,16.9826745987
207;51.1050208545,17.0933883841
206;51.1091535637,17.0267003775
206;51.107759195,17.0387166739
206;51.1115245673,17.0602172613
206;51.0998435036,17.0360344648
209;51.1305979634,16.9606851341
208;51.1576069795,16.9316080213
208;51.1574202517,16.9317273796
779;51.1204012791,17.0449419029
778;51.0792199639,17.048612595
77;51.0777812158,17.0630037189
76;51.1171696934,17.0002856255
75;51.0981391958,17.0431208611
75;51.0995675415,17.0452451706
75;51.1020737773,17.0466828346
74;51.0796917853,17.0685723424
73;51.0825819237,17.0655280352
72;51.107914127,17.0708441734
71;51.1232565507,17.0452344418
70;51.1012598383,17.0096951723
655;51.1158621115,17.0623469353
79;51.1042117855,17.0362865925
78;51.1158405598,17.0511031151
2;51.1733069016,17.0226502419
669;51.0928883659,17.0023687184
668;51.1021206669,17.0132517815
668;51.0911515238,17.0161700249
667;51.1332620764,17.0447731018
666;51.1191500219,17.0435848832
665;51.0581475587,17.0169425011
664;51.1291685567,17.0333147049
663;51.0899116044,17.0296561718
662;51.1214922291,17.036383152
661;51.0872847522,17.0106339455
660;51.1096654952,17.045674324
769;51.1122475196,17.0556557178
769;51.1098832889,17.0534026622
692;51.0876944917,17.0171999931
693;51.1253844213,17.0294625651
693;51.1252952009,17.030025829
693;51.1252581659,17.0303074609
693;51.1251891461,17.0306749235
693;51.1251521111,17.0309914242
693;51.1253423362,17.0296905528
693;51.1250999251,17.0312542807
690;51.1410807678,17.0315551758
691;51.1152088118,17.1110719442
691;51.1118647155,17.1155646443
696;51.097067638,17.0543432236
696;51.0981241036,17.0528413653
696;51.0968473134,17.0523102879
696;51.098427294,17.0507760644
697;51.0772645498,17.0459076762
697;51.0772611794,17.0465943217
697;51.0772915123,17.0463743806
697;51.0773083638,17.0460954309
697;51.0772948826,17.0456662774
697;51.0772443279,17.045494616
697;51.077224106,17.0450802147
697;51.0772510685,17.0453055203
697;51.077246013,17.0447959006
697;51.0772257911,17.0449246466
694;51.1218289369,16.9402474165
694;51.1212834691,16.9442814589
695;51.139154252,16.9614791125
698;51.1211420504,16.8789052963
698;51.1110126564,16.8891191483
699;51.124936213,17.0486408472
542;51.1138681715,16.9653904438
542;51.1140431203,16.969960928
543;51.0846820136,17.0771068093
540;51.10015342,17.0118784904
541;51.0932000135,16.9768488407
546;51.1360096817,16.9713824987
547;51.1170137823,17.004674077
544;51.1452712308,17.1477270126
545;51.1029560478,17.0796847343
545;51.1040541465,16.9552463293
545;51.1086113142,17.0153144002
8;51.1441303608,16.8896636367
548;51.1216269125,16.9124007225
548;51.1211959243,16.8925738335
549;51.1083721835,17.0175433159
549;51.1083182947,17.0117497444
549;51.1105276829,17.0068144798
68;51.1748912748,17.0100906193
598;51.1082475656,17.0387837291
598;51.1112854517,17.0229318738
598;51.1249400007,17.0349723101
598;51.0973203026,17.0327916741
120;51.084520264,17.0375955105
121;51.1535088887,17.0317268372
122;51.1316731875,17.0380783081
123;51.115893542,17.0319843292
123;51.1160450788,17.0312011242
123;51.1160248738,17.0334327221
124;51.0999459109,16.947349906
125;51.0927597778,17.0228004456
126;51.0767870869,16.9804859161
126;51.0771376017,16.9640922546
126;51.0763556804,16.9686841965
126;51.0762747912,16.973233223
126;51.0766792356,16.9778251648
127;51.0880988364,17.0106350184
128;51.1210612396,16.8790635467
128;51.1199500761,16.8792995811
129;51.1156896945,17.0638275146
765;51.1455858906,16.8732123077
765;51.1465971623,16.8733558059
765;51.1477278758,16.8744769692
414;51.1045728712,17.0394301414
415;51.1071461984,17.0332825184
415;51.0993179884,17.0271885395
415;51.0996548578,17.0372521877
415;51.0999108769,17.0359218121
415;51.0970002606,17.0371878147
416;51.0994921502,16.9380547106
417;51.1099186288,17.0987083492
410;51.0682437701,17.0321238041
410;51.0680078016,17.0346128941
411;51.10015342,17.0392423868
412;51.0536966942,17.0184445381
413;51.1199568105,16.9190526009
413;51.1202396546,16.9205492735
413;51.1203878104,16.9170731306
413;51.1208659461,16.9186073542
498;51.1351605923,17.0689961314
498;51.1360626966,17.069991231
498;51.1370994216,17.0715039968
498;51.1379880245,17.0749694109
498;51.1383650024,17.0768898726
498;51.1385332951,17.0776194334
498;51.1386813922,17.0781129599
498;51.1388227571,17.0791375637
498;51.1390449011,17.0800548792
418;51.1215932417,17.0314854383
419;51.0932926651,17.0192974806
499;51.0658478925,17.0303857327
319;51.0523411186,17.0222760737
319;51.0526159462,17.0202188194
318;51.1534494447,16.939371228
313;51.0575210716,17.0061206815
312;51.1468478735,17.1101626754
311;51.149417164,16.9870573282
310;51.1300303805,16.9963645935
310;51.1284952457,16.9966328144
317;51.064054409,17.0695567131
317;51.0643510803,17.0680117607
317;51.0647825987,17.0660805702
317;51.0652950216,17.0639777184
317;51.0658074388,17.0619606972
317;51.0660771297,17.0601582527
317;51.0665086321,17.0583558083
317;51.0667513503,17.0570254326
317;51.0669670989,17.0556092262
317;51.0648736216,17.0650908351
317;51.0645938099,17.0649835467
317;51.0643949065,17.0648762584
317;51.0641724035,17.0647153258
316;51.1259365743,17.0781612396
316;51.1209265545,17.0776462555
316;51.1234585679,17.0780324936
315;51.1468152308,17.1101653576
314;51.0866836148,17.0173233747
314;51.0887255634,17.0168405771
496;51.1265190211,17.0480521023
496;51.1266057142,17.048202306
497;51.0782115979,17.034201175
497;51.0821327103,17.0348985493
497;51.0798495074,17.0344828069
3;51.118192363,17.0340120792
3;51.1187176636,17.0333683491
3;51.1220309604,17.0321023464
3;51.1208592119,17.0323383808
3;51.1199029353,17.0325100422
725;51.1444662304,17.1037977934
725;51.1445873852,17.1043771505
725;51.1443450753,17.1032935381
725;51.144217189,17.1035939455
725;51.1443652679,17.104216218
725;51.1447085397,17.1048492193
368;51.1233777611,17.0477986336
368;51.1234451001,17.047522366
369;51.1240242115,16.9147074223
366;51.1361704094,16.9440293312
367;51.0962224482,17.0573043823
364;51.1358472703,16.9440722466
365;51.135901127,16.9438791275
362;51.0860703387,17.0484021306
362;51.0869228577,17.0509663224
363;51.1361165531,16.9435358047
360;51.1161800024,17.0128950477
360;51.1157860059,17.0144882798
360;51.116900637,17.0147135854
360;51.117176765,17.0137426257
361;51.1074830107,17.1001875401
361;51.1089110678,17.0997476578
380;51.0872537522,17.011372805
381;51.096218675,17.0576262474
382;51.1463952462,16.8717759848
383;51.1476673025,16.8761050701
384;51.1682307117,16.9190740585
384;51.1649207295,16.9230437279
385;51.1138920817,17.0737919211
386;51.1112955552,17.0383679867
387;51.1111877844,17.0385289192
388;51.1112147272,17.0384216309
389;51.1736149801,16.8380177021
784;51.1459873725,16.9325008406
785;51.1246659392,16.9701908829
786;51.1114477809,17.0573351387
786;51.1114208383,17.0555541519
786;51.1112861251,17.0563158992
786;51.1116700566,17.0577213768
787;51.1273145711,16.9768431188
780;51.1579272745,17.0930621624
780;51.1565612942,17.0916459561
781;51.1565747523,17.1027181149
781;51.1556057568,17.10460639
783;51.1551589352,16.9335336692
788;51.1240531668,16.9623802902
789;51.1246612255,16.9701526169
605;51.0586975929,17.0799422264
579;51.0587827835,17.0805296302
578;51.1615566831,16.8979382515
604;51.103535416,17.0141717792
573;51.1399249405,16.9488902064
572;51.1315418997,17.1022836864
571;51.0904507039,16.9897422194
570;51.1426327158,17.134616375
577;51.0934062051,17.0363252147
577;51.09334017,17.0366063118
576;51.1276199267,16.9549298286
576;51.1288319024,16.955498457
576;51.1286164424,16.9570434093
575;51.1340502167,17.0374574664
574;51.1568466059,17.1005415916
60;51.060622324,17.040014863
61;51.1084166415,17.0175862312
258;51.1219366829,17.0538711548
258;51.1223137918,17.0534849167
259;51.0961344516,17.0689183474
259;51.0959154701,17.0689558983
259;51.0951608183,17.0691007376
259;51.0949115109,17.0691221952
259;51.0945611308,17.0691972971
259;51.094301713,17.0692563057
259;51.0971484908,17.0687681437
259;51.0969968917,17.0687788725
259;51.0968351854,17.0687949657
259;51.0966330517,17.0688271523
259;51.0963702767,17.0688593388
64;51.1116188661,17.0602977276
64;51.1072101929,17.0334675908
64;51.1116794866,17.0217651129
64;51.0992674578,17.0366433263
65;51.0989201426,16.9417140484
66;51.1486698466,17.0753717422
66;51.1411141553,17.0869102492
66;51.1384228952,17.0603606704
67;51.1525816198,17.0759886503
67;51.1518994303,17.0764017105
252;51.084887569,17.05033198
69;51.1291685567,17.00496912
69;51.1278690576,17.0060795546
250;51.0655310039,16.9875562191
250;51.0658006965,16.9872128963
250;51.0658074388,16.9863009453
250;51.066110841,16.9871914387
251;51.065659108,16.9894176722
251;51.0651652308,16.9897556305
256;51.1225978837,16.9809560342
257;51.1221117696,17.0533776283
257;51.1223137918,17.0543003082
257;51.1226504936,17.0532917976
254;51.1112118084,17.038318634
255;51.076432075,16.9598221779
603;51.1375706526,17.058160007
602;51.1375908481,17.0581439137
731;51.0884020924,17.0344519615
731;51.0964342861,17.0565104485
731;51.1044650847,17.0487427711
731;51.0981321887,17.0433354378
731;51.1013391679,17.0292162895
731;51.1095038332,17.0218777657
731;51.1082374615,17.0478844643
731;51.1150539043,17.0734190941
731;51.1236201811,17.0779681206
731;51.1319694252,17.0790839195
731;51.1384592464,17.0816159248
731;51.1285760435,17.0552229881
731;51.120118436,17.0425844193
731;51.1166164254,17.0511674881
731;51.1167780625,17.0334005356
731;51.1167780625,17.0245599747
731;51.1255056262,17.0093679428
731;51.1299226534,16.982588768
731;51.0914480214,16.9863653183
731;51.0862725186,17.0119428635
731;51.0837923849,17.0250749588
731;51.0688009206,17.0095396042
731;51.0771600699,17.033829689
731;51.0898037838,17.0215344429
731;51.0941433664,17.0332932472
731;51.1168588808,17.0003342628
731;51.1118815545,17.0407873392
731;51.1090592599,17.0406854153
731;51.0999108769,17.0359539986
731;51.1002073183,17.0233798027
731;51.0978626845,17.0325636864
731;51.1281720529,17.0276284218
731;51.0767556297,17.049279213
731;51.1095038332,17.0186698437
731;51.1358472703,17.0368123055
731;51.1536434787,17.0285591483
731;51.1405594911,17.0324778557
731;51.1129713573,17.0393764973
730;51.0555580168,17.0857921243
730;51.0501491837,17.0892655849
730;51.0495826359,17.0824635029
730;51.0539664557,17.079641819
733;51.1159034196,17.036315918
733;51.1128860434,17.0419378281
733;51.110649825,17.0500059135
733;51.1116736493,17.0464439399
733;51.1085482199,17.0518083579
732;51.1422052891,16.9196400046
735;51.0942848676,17.0077881217
734;51.0568662931,17.087854743
508;51.0906798193,17.0463904738
509;51.1799886462,16.986515522
509;51.1578424909,17.0093894005
506;51.1300303805,16.9595968723
507;51.1103121375,17.1003243327
504;51.1404618856,16.967638135
504;51.1372138639,16.9541198015
504;51.1355981824,16.9615334272
505;51.1370816945,16.9941599965
505;51.1407504383,16.9916172617
505;51.1416793583,16.9913597696
505;51.1447306393,16.9865022
505;51.144787851,16.9869742688
505;51.1488610295,16.989106714
505;51.1498393646,16.9884577976
505;51.1511853544,16.9842520938
505;51.1516863888,16.9930199679
505;51.1540429847,16.9896538847
505;51.1605169197,16.9855720969
505;51.1600055516,16.9789202185
505;51.158875139,16.9760019751
505;51.1557259861,16.9804222556
505;51.1652348069,16.9693897065
505;51.1710745058,16.9602838741
505;51.1606784032,16.9808084937
505;51.170151111,16.9581062766
505;51.1838185211,16.9346744986
505;51.1541706171,16.9786730991
505;51.149017171,16.9830341928
502;51.1420535011,17.1273422241
502;51.1422285115,17.1270954609
502;51.1436554949,17.1275353432
502;51.1450689721,17.1280288696
502;51.1463343344,17.1284794807
502;51.1464824064,17.128726244
502;51.1463141427,17.1298205853
503;51.1090862038,17.0279663801
500;51.1158566838,17.0388655365
501;51.1201265173,16.8554413319
630;51.1411249252,17.0313674212
631;51.0992101897,17.0313835144
632;51.0514947068,17.0586629212
632;51.0522871646,17.0630134642
633;51.141205701,17.0659303665
633;51.1407479699,17.0675396919
633;51.1405864166,17.0619982481
633;51.1388362204,17.0607805252
633;51.1394151388,17.0646643639
469;51.0841428466,16.9719457626
468;51.0774296948,16.964006424
636;51.1102717226,17.0269525051
636;51.1098810436,17.0289051533
637;51.1394286019,17.0252251625
637;51.1375773844,17.026040554
637;51.1409499106,17.0259225368
465;51.0850055104,17.0546329021
464;51.1437231408,16.9501769543
464;51.1440664174,16.8897253275
464;51.153993411,16.9005721807
464;51.1449447901,16.8721809983
464;51.151072741,16.8653896451
467;51.0900463799,16.9934034348
466;51.1102851942,17.09410429
466;51.1109318278,17.1029448509
461;51.1275542771,16.9636456668
461;51.1275037773,16.963519603
461;51.1275761603,16.9636000693
460;51.1136931206,17.0440764782
460;51.1116254669,17.0405298471
463;51.0850324684,17.0532488823
462;51.0742749858,17.0319843292
462;51.0750704242,17.0264482498
462;51.0732638156,17.0325422287
168;51.0768735918,17.0789310336
168;51.0779554587,17.0761549473
169;51.1546528915,16.9028037786
169;51.1547925252,16.9022659957
169;51.1546444798,16.9027434289
169;51.1548160778,16.9023625553
169;51.1546781265,16.9027997553
164;51.1047210772,16.8807828426
164;51.1101908927,16.8808043003
165;51.1115110961,17.0601984859
166;51.1080243103,17.0296776295
166;51.1078909413,17.0387005806
166;51.1039563819,17.0373272896
166;51.1041469252,17.0307612419
166;51.106695366,17.0246833563
166;51.1168448641,17.0336794853
166;51.1167258073,17.0512318611
166;51.0992910388,17.0269954205
166;51.0978222587,17.0327997208
166;51.0963534321,17.0415437222
166;51.1134441829,17.0315873623
166;51.1114167971,17.0614242554
166;51.0902215874,17.0164704323
166;51.1132017095,17.0392477512
166;51.0998976235,17.0358252525
167;51.070388601,17.0861139894
167;51.0713290485,17.0880183578
160;51.1614837928,17.0452612638
160;51.1595098771,17.0446284413
161;51.1082708038,17.0225838572
162;51.0969463585,17.1074724197
163;51.1545159493,16.8997782469
163;51.1548053951,16.8986798823
163;51.1542148932,16.9012574852
163;51.1532374362,16.9055597484
163;51.1529211462,16.9069223106
163;51.153621019,16.9035373628
600;51.1317320986,17.107117027
9;51.1751570226,16.9960266352
647;51.0691784632,16.973233223
646;51.1198557944,17.0519439876
646;51.1214383557,17.0502689481
646;51.1179751697,17.0607416332
646;51.1192092857,17.0437297225
646;51.125525827,17.0447127521
646;51.1271014607,17.0550687611
649;51.1618661856,17.0455133915
648;51.1145689732,16.9659268856
648;51.1153502486,16.9583952427
648;51.1178825675,16.9585239887
648;51.1124540753,16.9612061977
648;51.1131276202,16.9592964649
648;51.1116996935,16.9707119465
648;51.1149192017,16.9623541832
357;51.1190678607,17.0437216759
356;51.1038419393,17.0938065648
355;51.1100696477,17.0321774483
355;51.0991023907,17.0370697975
355;51.1028752051,17.0301604271
355;51.1101235344,17.0447087288
355;51.1147036768,17.0405030251
355;51.1161584505,17.0376706123
355;51.1161315107,17.0499444008
355;51.1104199103,17.0236372948
354;51.1097732695,17.0987418294
353;51.1241656213,17.0311850309
352;51.1239164704,17.0344090462
352;51.1197413091,17.0353531837
352;51.1228794494,17.0359861851
352;51.1227178337,17.031866312
352;51.1245090434,17.0337116718
352;51.1240646144,17.0332181454
352;51.1237009874,17.0328104496
352;51.1234720357,17.0325100422
352;51.123229615,17.0322525501
352;51.1243878359,17.0335614681
352;51.1235528423,17.0345056057
352;51.1231892114,17.0346343517
352;51.1229063853,17.0346558094
352;51.1228929174,17.0358359814
352;51.1227986416,17.0354497433
352;51.1228255776,17.0350205898
352;51.1227851736,17.0346343517
352;51.1227986416,17.034226656
352;51.1227851736,17.0339691639
352;51.1227986416,17.0335400105
352;51.1227582377,17.0332181454
352;51.1227447697,17.0328748226
352;51.1227178337,17.0325100422
352;51.1227447697,17.0321881771
352;51.1225966215,17.0347416401
352;51.1222868556,17.0347845554
352;51.1218424052,17.0348918438
352;51.1215191659,17.0349776745
352;51.1210747081,17.0351064205
352;51.1207918691,17.0351064205
352;51.120522497,17.0352351665
352;51.1203069982,17.0352351665
351;51.1100595439,17.098339498
350;51.0803482831,16.990147233
350;51.0817502185,16.9892245531
359;51.1146767361,17.0170068741
358;51.1582327642,16.9162148237
216;51.1241168013,16.9136412442
217;51.1237615921,16.9161826372
217;51.1216538492,16.9147449732
214;51.1223541962,16.932554841
215;51.1222060467,16.9325977564
215;51.1184819525,16.9331127405
215;51.1093084909,16.940740943
212;51.1206571833,17.0822167397
213;51.0745581095,17.0071792603
213;51.0665221164,16.9927597046
211;51.1429988854,17.0814170838
211;51.1613844366,17.0517196656
762;51.1261453133,17.0844858885
762;51.1251554779,17.0872700214
763;51.0588825846,17.0868998766
763;51.0605144351,17.0829409361
760;51.1448572901,17.1165463328
760;51.1443087288,17.1164229512
761;51.1094499458,17.029414773
766;51.106108801,17.0322418213
767;51.069933539,17.0799851418
767;51.0775105819,17.0752215385
218;51.1106354552,17.0048189163
219;51.0593262917,17.0073616505
289;51.1438442975,17.1211248636
289;51.1437265063,17.1214869618
288;51.1645036011,16.9223302603
4;51.0979017626,17.0917654037
281;51.0848943085,17.0503279567
281;51.084887569,17.0505210757
281;51.0849077876,17.0506498218
281;51.0849077876,17.0507732034
281;51.0849044178,17.0509395003
281;51.0849246363,17.050177753
281;51.0849212666,17.0500543714
281;51.0849347456,17.0498934388
281;51.0849145271,17.0510467887
280;51.1107028128,17.1060374379
283;51.1049501218,17.0484209061
282;51.1288453686,17.0358252525
285;51.1589409674,16.9279749691
284;51.0500277812,17.0900702477
287;51.1260375771,16.9164642692
287;51.1259130069,16.9170758128
287;51.1258288376,16.9176068902
287;51.1257009,16.9183257222
287;51.1255460277,16.9192698598
287;51.1253271856,16.9206485152
287;51.1252396484,16.9211956859
287;51.1251453774,16.9216999412
287;51.1250578399,16.9220808148
287;51.1250511063,16.9222578406
287;51.1249265334,16.922236383
287;51.1247918596,16.9221827388
286;51.099970839,16.9988372326
678;51.1145689732,16.9359827042
679;51.0971889172,17.0144104958
679;51.093550404,17.0091319084
674;51.1468731128,17.1145454049
674;51.1486869414,17.1172061563
674;51.1458399726,17.1122333407
675;51.1373013783,17.0300531387
675;51.1174246052,17.0320272446
675;51.1106893413,17.0407176018
675;51.1107701703,17.039129734
675;51.1089649559,17.0389151573
675;51.1121172992,17.0409750938
675;51.1129255578,17.0394730568
675;51.1079006546,17.0297420025
675;51.1073348136,17.0322096348
675;51.0996548578,17.0370805264
675;51.098159139,17.0258367062
675;51.0909358881,17.017339468
675;51.0893320655,17.0155155659
675;51.1047614969,17.0312011242
676;51.1161483481,17.0390680432
677;51.1121913902,16.882687211
670;51.1093152269,17.0436358452
670;51.1098810436,17.0227789879
670;51.1149730828,17.0391619205
670;51.11623927,17.0375579596
670;51.1006654512,17.0293343067
670;51.1117670495,17.0445907116
671;51.0800988959,16.9609057903
672;51.1491849746,17.1180054545
673;51.1054418904,16.9602996111
263;51.0861579501,17.0558291674
262;51.1023093026,17.0257508755
262;51.1016625484,17.0279181004
262;51.1011505282,17.0301496983
262;51.1004633343,17.0331966877
262;51.0997087567,17.0369517803
262;51.0988598421,17.0407497883
262;51.0984016913,17.0427238941
262;51.0999782501,17.0337545872
262;51.0992101897,17.0334327221
262;51.0984555916,17.0330679417
262;51.097485376,17.0323598385
262;51.096690323,17.0319521427
262;51.0955987874,17.0313727856
262;51.0940086029,17.0305359364
262;51.0924453173,17.0298922062
262;51.0906663419,17.029055357
262;51.0889681652,17.0283472538
262;51.0877686219,17.0275747776
262;51.0865960045,17.0269095898
262;51.0856659764,17.0262444019
262;51.0841563259,17.025257349
262;51.0956257392,17.0193350315
262;51.0962860536,17.0177257061
262;51.0970541625,17.0157945156
262;51.0976201294,17.0145070553
262;51.1020802448,17.0133268833
262;51.1007462977,17.0137560368
262;51.0990889158,17.0141208172
262;51.1004094363,17.0050656796
262;51.1013526421,17.0092284679
262;51.1043168779,17.0215237141
262;51.1035893103,17.0188844204
262;51.1029156265,17.0161378384
262;51.0855985824,17.0473372936
262;51.0852885684,17.0481741428
262;51.0844933057,17.0486462116
262;51.0839271782,17.048882246
262;51.0833340848,17.0490753651
261;51.1003892245,17.0050764084
261;51.1010831567,17.0080268383
261;51.1025248853,17.0141851902
261;51.1036027839,17.0188200474
261;51.1043034045,17.0216095448
261;51.1022015109,17.0260083675
261;51.1011101053,17.0301282406
261;51.1004902833,17.0333683491
261;51.0995740094,17.0372092724
261;51.0989406918,17.0405566692
261;51.0982265148,17.0428740978
261;51.1000456232,17.0337116718
261;51.0993314632,17.0334112644
261;51.0985633921,17.0330250263
261;51.0981187135,17.0327031612
261;51.0968250787,17.0319950581
261;51.0949788914,17.0310080051
261;51.0932134901,17.0301282406
261;51.0904102717,17.028990984
261;51.0891029434,17.0283257961
261;51.0869734018,17.0271670818
261;51.0858007643,17.0263516903
261;51.0841563259,17.025257349
261;51.0833206053,17.0489037037
261;51.0845472223,17.0484316349
261;51.084008054,17.0485603809
261;51.0838058642,17.0487105846
261;51.1019320304,17.0115351677
261;51.1011505282,17.0136809349
261;51.0998839276,17.0139813423
261;51.0988059423,17.0142388344
261;51.1032255223,17.0167279243
261;51.0976201294,17.0147109032
261;51.0967307498,17.0165991783
261;51.0962995293,17.0178437233
261;51.0959491596,17.0190024376
261;51.1000725724,17.0354819298
261;51.0994527365,17.038872242
261;51.0923105489,17.0297312737
261;51.0916636547,17.0294737816
261;51.0850863843,17.0480668545
261;51.0854907517,17.0474660397
261;51.0857333704,17.0469081402
261;51.0849381153,17.0482814312
260;51.0986745611,17.0533159375
267;51.0714059013,17.0849257708
267;51.0720328548,17.0843464136
266;51.0687200183,16.995742321
266;51.0737491801,16.995087862
266;51.0732233684,16.9999158382
266;51.0748816773,16.997512579
266;51.0687469857,17.0046687126
266;51.0634340903,16.9820845127
266;51.0675334339,16.9731152058
265;51.1236067133,16.9326674938
265;51.1240107439,16.9291484356
265;51.1245494458,16.9261443615
265;51.124805327,16.9245135784
265;51.1252901506,16.9221746922
265;51.1256806993,16.92035079
265;51.1259365743,16.9189345837
265;51.1261789808,16.917539835
265;51.126421386,16.916424036
265;51.1266772569,16.915115118
265;51.1268792592,16.9140207767
264;51.1262577627,16.9142273068
264;51.1268536723,16.9139161706
269;51.1367022375,17.0719894767
268;51.1199332401,17.0404601097
701;51.1591075029,17.1502161026
59;51.0607909,17.0399558544
58;51.1104608864,17.0348730683
58;51.1128385583,17.0358601213
58;51.1168358704,17.03407377
58;51.1169671999,17.0333978534
55;51.1098271566,16.9428491592
54;51.1090862038,16.9489753246
54;51.1097732695,16.9455635548
54;51.1108375276,16.943846941
54;51.110999185,16.942538023
54;51.1108509991,16.9411432743
54;51.1123193652,16.9423663616
54;51.1134913303,16.9414007664
54;51.1144746805,16.9393193722
54;51.1154041291,16.9375169277
54;51.1167780625,16.9363367558
54;51.1176131785,16.9350922108
54;51.1195123377,16.9347918034
54;51.1207379948,16.9364225864
54;51.1218154687,16.9375169277
54;51.1132757987,16.939791441
54;51.1122115968,16.9401562214
54;51.113073737,16.9381821156
54;51.1100157609,16.9411218166
54;51.1095577206,16.9407784939
57;51.1077151853,17.0553731918
56;51.1213049063,16.926780045
56;51.1213520458,16.9260665774
56;51.1213857167,16.9255301356
51;51.123310422,17.0409482718
50;51.1537376915,17.0288193226
50;51.1537780683,17.0289480686
53;51.1144342692,17.0715415478
53;51.108493433,17.0692884922
52;51.1013216515,17.0293772221
52;51.0999068346,17.0358788967
52;51.0997087567,17.0371313102
537;51.131323086,16.9574779272
536;51.1100831194,17.0321023464
535;51.1442974625,16.8791421191
63;51.1376211413,16.9700092077
63;51.1374124541,16.9694298506
63;51.1372172298,16.9681799412
533;51.1637635252,17.1210068464
532;51.1426152149,16.9903242588
531;51.13954977,17.0324027538
531;51.1364935462,17.0300424099
531;51.1361434812,17.0361793041
531;51.1360391344,17.0321372151
531;51.1352952359,17.0360934734
531;51.1345647899,17.0364609361
530;51.1401017536,16.9824900606
539;51.0981625078,17.1004289389
539;51.0977784641,17.1002706885
538;51.1173909314,17.0072114468
775;51.1099349306,17.0609736443
775;51.1101033269,17.0615798235
775;51.1099517702,17.0617648959
774;51.1265863556,17.0590987802
774;51.1264819872,17.0588305593
777;51.0799883563,17.0440206531
777;51.079893993,17.0423147682
115;51.1373522043,17.0576330423
114;51.1450760397,17.1264410019
117;51.0540204078,17.0132410526
117;51.0536562298,17.0148932934
116;51.0526884465,17.0163068175
116;51.0504493163,17.015491426
111;51.1271687942,17.0687788725
111;51.127108194,17.0799261332
111;51.1257076336,17.090408206
111;51.1235663101,17.095477581
111;51.1185290948,17.1014428139
111;51.1267445911,17.0788264275
111;51.1265291213,17.0707154274
111;51.1231892114,17.0713162422
111;51.1202228187,17.0726010203
111;51.1153199407,17.0726493001
111;51.1159833413,17.0721933246
111;51.1138584053,17.0725058019
111;51.1023093026,17.0742076635
111;51.1147306175,17.1059167385
111;51.1113022909,17.1107822657
111;51.1084664887,17.1150791645
111;51.106971055,17.1175253391
111;51.1035219424,17.1212804317
111;51.1009753621,17.1219027042
111;51.0995605346,17.1185553074
111;51.0984960168,17.1149075031
111;51.0964881887,17.1019041538
111;51.0979031102,17.0942437649
111;51.0984286415,17.0859825611
111;51.1109250921,17.0709756017
111;51.1049164389,17.0679165423
110;51.1554738643,17.0646750927
110;51.1609107581,17.0495688915
113;51.1061295715,17.1080437303
113;51.1066651137,17.1059516072
113;51.1074768362,17.1107634902
112;51.0744259855,17.0767343044
112;51.0782159794,17.0691221952
112;51.0806327173,17.0762271882
771;51.1401807365,16.9502634974
119;51.1756821798,16.9958835839
118;51.1576250355,16.922737956
770;51.107617735,17.036190033
773;51.0855716247,17.0711874962
773;51.0819187175,17.0774424076
773;51.078076788,17.0832788944
773;51.0754613973,17.0865833759
772;51.145431085,16.9945004582
429;51.0829296985,17.049665451
428;51.0778610913,17.101764679
534;51.0772924897,17.083966881
534;51.0772031595,17.0842672884
534;51.077675844,17.0838046074
421;51.1252430152,16.9445282221
421;51.1249871364,16.9455581903
420;51.0964551734,17.0137412846
420;51.0968038547,17.0138137043
423;51.0884937426,17.011320591
422;51.0882241823,17.0128655434
425;51.0937929804,17.0059132576
424;51.0900463799,17.0165133476
427;51.1522168043,17.1199607849
426;51.0741266823,16.99639678
308;51.1182260363,17.0064765215
309;51.085167258,17.0819163322
309;51.0855177094,17.0890831947
300;51.1422826974,16.8882930279
301;51.0772903899,17.0815393928
302;51.0967052585,17.0060969889
303;51.1566716509,17.1260225773
303;51.1576162317,17.1240538359
303;51.1571595045,17.1250033379
304;51.1533742982,16.8920910358
305;51.1097756944,17.0462429523
305;51.1070077004,17.046918869
306;51.0930773761,16.9755613804
307;51.1424585146,16.8886183269
307;51.1416505041,16.8876171112
307;51.1406992348,16.8867012966
307;51.1404569045,16.8876600266
307;51.1396130466,16.8911215771
307;51.1385631842,16.8949556351
307;51.1376296243,16.8984176152
307;51.1399528532,16.8897487156
568;51.1031336663,17.0453283191
569;51.1181788937,17.0124846697
569;51.1184348102,17.0114171505
569;51.1185290948,17.010730505
751;51.0905046135,17.015145421
751;51.0910369674,17.0162075758
751;51.0900935512,17.017698884
751;51.0894061929,17.0166474581
751;51.0903698394,17.0160895586
751;51.0900396411,17.0168298483
750;51.1463750546,17.109760344
750;51.1471356007,17.1136683226
750;51.1476673025,17.1130675077
750;51.1471759834,17.1115332842
750;51.1413470582,17.0915481448
750;51.1467166289,17.113583833
750;51.1459779503,17.1122293174
757;51.08562554,17.0713162422
737;51.0991914371,17.0525094865
737;51.0996982014,17.050568461
737;51.1005875239,17.0491307969
737;51.0998449633,17.0525309441
737;51.0988949892,17.0537754891
755;51.0775105819,17.0752590895
754;51.1254517574,17.0358681679
560;51.1358902211,16.9678688049
561;51.1316193259,17.0637631416
562;51.0979165855,16.9871807098
563;51.0567718826,17.0219421387
563;51.0625440533,17.0337438583
564;51.0993516755,17.039065361
564;51.1033440904,17.0401260853
565;51.08605686,17.0707798004
565;51.0684773103,17.0937180519
566;51.142309622,16.8810939789
566;51.1385400268,16.8939685822
567;51.1414614899,17.0938789845
739;51.0667858701,17.0295166969
739;51.0659999983,17.0292913914
739;51.0646784952,17.0286691189
739;51.0637439812,17.0280575752
229;51.0839356028,17.0492544025
228;51.1012044253,17.034419775
227;51.0857148739,17.0484813782
227;51.0859440128,17.0491465661
226;51.1690838682,16.9084954262
225;51.1135452131,17.0907354355
224;51.1230545325,16.9422698021
224;51.1220578968,16.9480633736
223;51.171210838,16.9118696451
223;51.1706121374,16.9107538462
222;51.1259870757,16.9647359848
221;51.1448943093,17.1063137054
220;51.1788049167,17.0057684183
220;51.1784114544,17.0015197992
391;51.1195662135,16.975698173
391;51.1195965185,16.9756069779
391;51.1197783485,16.974426806
391;51.1198389583,16.9728657603
726;51.1201817393,17.0536082983
727;51.1756342557,17.0089695451
724;51.1125551077,17.0563870668
724;51.113484595,17.0526856184
724;51.1134172415,17.0533400774
724;51.1133633586,17.0538979769
724;51.1132757987,17.0544022322
724;51.1131276202,17.0548206568
724;51.1129727057,17.0553249121
724;51.112790849,17.0557004213
724;51.1126494044,17.0560437441
390;51.1112281985,17.0383679867
722;51.1568466059,16.9360685349
723;51.1366099813,16.9580928236
720;51.1027404671,17.1239304543
720;51.1039261486,17.1331143379
720;51.1055968301,17.1448731422
721;51.1402161884,16.9225662947
728;51.0789934879,17.0273065567
729;51.0997963422,17.0449715853
729;51.0990282788,17.0513874292
729;51.1030368903,17.0501750708
151;51.0975338869,17.0570211408
150;51.0754692623,17.0242449042
150;51.086033132,17.0298536717
153;51.0815345389,17.0461893082
153;51.0806772029,17.0462751389
153;51.0802727934,17.0467472076
153;51.0796796531,17.0472621918
153;51.0788977748,17.0473480225
152;51.102791669,17.0547173917
154;51.1052501552,17.0307927133
154;51.1132554066,17.0399554969
154;51.1110993122,17.0382707121
157;51.0649871193,17.0386683941
157;51.0636925577,17.0440328121
156;51.1314001086,17.0279614449
159;51.1141734812,17.0481406689
158;51.128793187,17.0346906781
158;51.1287645713,17.0356267691
158;51.1289345822,17.0351198316
609;51.0682008914,17.0023418963
608;51.1328042666,17.1232438087
634;51.1039530956,17.1521902084
634;51.1113898545,17.1366548538
634;51.1155927106,17.1118497849
634;51.0970002606,17.1641206741
399;51.1107971132,17.1104764938
635;51.1571897849,17.0294871926
749;51.1102984414,17.0461701752
398;51.0622810845,17.0441052318
48;51.1164116841,17.0555448532
48;51.1273155814,17.0278000832
49;51.1174363911,17.0526782869
46;51.0792846708,17.0342588425
47;51.1171738465,17.0448549982
47;51.1241371145,17.0357569456
44;51.1025087167,16.9576292035
45;51.1190308207,17.0384269953
42;51.1189735771,17.0441401005
43;51.0621967993,17.0418843627
43;51.0617652568,17.0430108905
40;51.1152064764,17.1261644358
41;51.1193390323,17.0584148169
638;51.1346051835,17.0368123055
638;51.1336357267,17.0362383127
5;51.1376211413,17.0580929518
639;51.0643780503,16.9879102707
639;51.0778610913,16.9699394703
489;51.0874030245,17.016402036
488;51.0903967942,17.0301282406
487;51.108722459,16.9379138947
487;51.1059067079,16.9373130798
487;51.103104259,16.9351029396
487;51.1003824873,16.9342446327
487;51.0987655173,16.9335794449
486;51.0972744861,16.9488197565
486;51.0972205844,16.9486802816
486;51.097230691,16.9485569
486;51.0968297952,16.948363781
486;51.0967085151,16.9481277466
486;51.0965164876,16.9478702545
486;51.0959774588,16.9491147995
486;51.0957820593,16.9496941566
486;51.0955563382,16.9503861666
485;51.11118756,17.0383872986
484;51.1395201518,16.9510488503
484;51.1383353835,16.9532804482
483;51.0972697698,17.0160225034
482;51.1427417594,16.8994268775
481;51.0861107748,17.0558130741
480;51.1002073183,17.0006132126
472;51.1312710189,16.9716467854
472;51.1327791313,16.9835772511
472;51.1305061718,16.9740500447
472;51.1318949172,16.9699294565
473;51.135820342,16.8820381165
470;51.059401816,17.007393837
471;51.1220242263,16.9668012857
471;51.123222881,16.9671888649
471;51.1259668751,16.9686748087
471;51.12601906,16.9684716314
476;51.1440866101,17.1311831474
477;51.1180617102,17.1278128627
474;51.1223828159,16.9613470137
474;51.1223255764,16.9620443881
474;51.1221319718,16.9634659588
474;51.1214181531,16.9690610468
474;51.1212060256,16.9705818594
474;51.121485495,16.971179992
474;51.1228356786,16.973323077
474;51.1228962844,16.9750953466
474;51.1230393811,16.9748016447
474;51.1222725457,16.9725512713
474;51.1218238863,16.9717211276
474;51.1213827986,16.9704048336
474;51.1214619253,16.9688518345
474;51.1218592405,16.966483444
474;51.1220814662,16.9647561014
475;51.1699360672,16.9051104784
475;51.1696804361,16.9051265717
475;51.1697477075,16.9055235386
478;51.11685035,17.0053001047
478;51.1174396463,17.0054717661
479;51.1073516542,17.1018759906
479;51.1073499702,17.1020503342
